"Year","Age0","Age1","Age2","Age3","Age4","Age5","Age6","Age7","Age8","Age9","Age10","Age11","Age12","Age13","Age14","Age15","Age16","Age17","Age18","Age19","Age20","Age21","Age22","Age23","Age24","Age25","Age26","Age27","Age28","Age29","Age30","Age31","Age32","Age33","Age34","Age35","Age36","Age37","Age38","Age39","Age40","Age41","Age42","Age43","Age44","Age45","Age46","Age47","Age48","Age49","Age50","Age51","Age52","Age53","Age54","Age55","Age56","Age57","Age58","Age59","Age60","Age61","Age62","Age63","Age64","Age65"
1892,0.0255295,0.315491,0.943728,1.81912,2.80848,3.79631,4.70042,5.47144,6.08643,6.54143,6.84479,7.01202,7.062,7.01446,6.8884,6.70119,6.46811,6.20222,5.91446,5.61375,5.30727,5.00066,4.69828,4.4034,4.1184,3.84495,3.58416,3.33665,3.10272,2.88239,2.67547,2.48162,2.30038,2.13124,1.97363,1.82695,1.69059,1.56395,1.44643,1.33745,1.23644,1.14287,1.05624,0.976051,0.901857,0.833227,0.76976,0.711079,0.656833,0.606694,0.560359,0.517542,0.477982,0.441433,0.407669,0.37648,0.347671,0.321061,0.296484,0.273785,0.252821,0.23346,0.215581,0.199069,0.183821,2.2155
1893,0.0255295,0.315596,0.943728,1.81912,2.80848,3.79631,4.70042,5.47143,6.08641,6.5414,6.84476,7.01199,7.06196,7.01442,6.88836,6.70116,6.46807,6.20219,5.91443,5.61372,5.30724,5.00064,4.69826,4.40337,4.11838,3.84493,3.58414,3.33663,3.10271,2.88238,2.67546,2.4816,2.30037,2.13123,1.97362,1.82694,1.69059,1.56395,1.44642,1.33744,1.23643,1.14287,1.05623,0.976046,0.901852,0.833223,0.769756,0.711075,0.656829,0.606691,0.560356,0.51754,0.47798,0.441431,0.407667,0.376478,0.347669,0.321059,0.296482,0.273783,0.25282,0.233459,0.21558,0.199068,0.18382,2.21549
1894,0.0255295,0.315595,0.944041,1.81912,2.80848,3.79631,4.70042,5.47142,6.0864,6.54138,6.84473,7.01195,7.06193,7.01438,6.88833,6.70112,6.46804,6.20216,5.9144,5.61369,5.30722,5.00061,4.69823,4.40335,4.11835,3.84491,3.58412,3.33662,3.10269,2.88237,2.67544,2.48159,2.30036,2.13122,1.97361,1.82693,1.69058,1.56394,1.44642,1.33743,1.23643,1.14286,1.05623,0.976041,0.901848,0.833219,0.769752,0.711071,0.656826,0.606688,0.560353,0.517537,0.477977,0.441429,0.407665,0.376476,0.347667,0.321058,0.296481,0.273782,0.252818,0.233458,0.215579,0.199067,0.18382,2.21548
1895,0.0255295,0.315595,0.944041,1.81973,2.80848,3.79631,4.70042,5.47142,6.08639,6.54136,6.84471,7.01192,7.06189,7.01435,6.88829,6.70109,6.46801,6.20213,5.91437,5.61367,5.30719,5.00059,4.69821,4.40333,4.11833,3.84489,3.5841,3.3366,3.10268,2.88235,2.67543,2.48158,2.30034,2.13121,1.9736,1.82692,1.69057,1.56393,1.44641,1.33742,1.23642,1.14285,1.05622,0.976036,0.901843,0.833214,0.769748,0.711068,0.656823,0.606685,0.56035,0.517534,0.477975,0.441427,0.407663,0.376474,0.347665,0.321056,0.296479,0.27378,0.252817,0.233457,0.215578,0.199066,0.183819,2.21547
1896,0.0255295,0.315595,0.94404,1.81973,2.80942,3.79631,4.70042,5.47143,6.08641,6.54138,6.84472,7.01193,7.06189,7.01434,6.88829,6.70108,6.468,6.20212,5.91436,5.61366,5.30718,5.00058,4.6982,4.40332,4.11833,3.84489,3.5841,3.33659,3.10267,2.88235,2.67543,2.48157,2.30034,2.13121,1.9736,1.82692,1.69057,1.56393,1.44641,1.33742,1.23642,1.14285,1.05622,0.976034,0.901842,0.833213,0.769747,0.711067,0.656822,0.606684,0.560349,0.517534,0.477974,0.441426,0.407663,0.376474,0.347665,0.321055,0.296479,0.27378,0.252817,0.233457,0.215577,0.199066,0.183818,2.21547
1897,0.0255295,0.315595,0.94404,1.81973,2.80941,3.79757,4.70042,5.47144,6.08642,6.5414,6.84474,7.01194,7.0619,7.01434,6.88829,6.70108,6.468,6.20212,5.91436,5.61366,5.30718,5.00058,4.6982,4.40332,4.11833,3.84489,3.58409,3.33659,3.10267,2.88235,2.67543,2.48157,2.30034,2.13121,1.9736,1.82692,1.69057,1.56393,1.44641,1.33742,1.23642,1.14285,1.05622,0.976034,0.901842,0.833213,0.769747,0.711067,0.656821,0.606684,0.560349,0.517534,0.477974,0.441426,0.407662,0.376474,0.347665,0.321055,0.296479,0.27378,0.252817,0.233456,0.215577,0.199066,0.183818,2.21547
1898,0.0255295,0.315595,0.94404,1.81973,2.80941,3.79757,4.70198,5.47144,6.08643,6.54142,6.84476,7.01197,7.06192,7.01435,6.88829,6.70108,6.468,6.20212,5.91436,5.61365,5.30718,5.00058,4.6982,4.40332,4.11833,3.84488,3.58409,3.33659,3.10267,2.88234,2.67543,2.48157,2.30034,2.1312,1.9736,1.82692,1.69057,1.56393,1.44641,1.33742,1.23642,1.14285,1.05622,0.976034,0.901841,0.833213,0.769747,0.711066,0.656821,0.606684,0.560349,0.517533,0.477974,0.441426,0.407662,0.376474,0.347665,0.321055,0.296479,0.27378,0.252817,0.233456,0.215577,0.199066,0.183818,2.21547
1899,0.0255295,0.315595,0.94404,1.81973,2.80941,3.79757,4.70198,5.47325,6.08643,6.54142,6.84478,7.01199,7.06194,7.01437,6.8883,6.70108,6.468,6.20212,5.91436,5.61365,5.30718,5.00058,4.6982,4.40332,4.11832,3.84488,3.58409,3.33659,3.10267,2.88234,2.67542,2.48157,2.30034,2.1312,1.9736,1.82692,1.69056,1.56393,1.44641,1.33742,1.23642,1.14285,1.05622,0.976033,0.901841,0.833213,0.769746,0.711066,0.656821,0.606684,0.560349,0.517533,0.477974,0.441426,0.407662,0.376474,0.347665,0.321055,0.296478,0.27378,0.252817,0.233456,0.215577,0.199066,0.183818,2.21547
1900,0.0255295,0.315595,0.94404,1.81973,2.80941,3.79757,4.70197,5.47325,6.08845,6.54142,6.84479,7.01201,7.06196,7.0144,6.88832,6.70109,6.468,6.20212,5.91436,5.61365,5.30718,5.00057,4.6982,4.40332,4.11832,3.84488,3.58409,3.33659,3.10267,2.88234,2.67542,2.48157,2.30034,2.1312,1.9736,1.82692,1.69056,1.56393,1.4464,1.33742,1.23642,1.14285,1.05622,0.976033,0.901841,0.833212,0.769746,0.711066,0.656821,0.606683,0.560349,0.517533,0.477974,0.441425,0.407662,0.376473,0.347664,0.321055,0.296478,0.27378,0.252816,0.233456,0.215577,0.199066,0.183818,2.21547
1901,0.0255296,0.315596,0.944041,1.81973,2.80941,3.79757,4.70197,5.47325,6.08844,6.54359,6.84479,7.01201,7.06198,7.01442,6.88834,6.7011,6.46801,6.20212,5.91435,5.61365,5.30717,5.00057,4.6982,4.40332,4.11832,3.84488,3.58409,3.33659,3.10267,2.88234,2.67542,2.48157,2.30034,2.1312,1.9736,1.82692,1.69056,1.56392,1.4464,1.33742,1.23642,1.14285,1.05622,0.976033,0.90184,0.833212,0.769746,0.711066,0.656821,0.606683,0.560348,0.517533,0.477973,0.441425,0.407662,0.376473,0.347664,0.321055,0.296478,0.27378,0.252816,0.233456,0.215577,0.199066,0.183818,2.21546
1902,0.0255296,0.315596,0.944041,1.81973,2.80941,3.79757,4.70197,5.47324,6.08844,6.54359,6.84705,7.01201,7.06198,7.01443,6.88836,6.70113,6.46802,6.20212,5.91436,5.61365,5.30717,5.00057,4.69819,4.40331,4.11832,3.84488,3.58409,3.33659,3.10267,2.88234,2.67542,2.48157,2.30034,2.1312,1.97359,1.82692,1.69056,1.56392,1.4464,1.33742,1.23641,1.14285,1.05622,0.976032,0.90184,0.833212,0.769745,0.711065,0.65682,0.606683,0.560348,0.517533,0.477973,0.441425,0.407662,0.376473,0.347664,0.321055,0.296478,0.273779,0.252816,0.233456,0.215577,0.199066,0.183818,2.21546
1903,0.0255296,0.315596,0.944042,1.81973,2.80941,3.79757,4.70197,5.47324,6.08843,6.54358,6.84705,7.01433,7.06198,7.01444,6.88837,6.70115,6.46804,6.20214,5.91436,5.61365,5.30717,5.00057,4.69819,4.40331,4.11832,3.84488,3.58409,3.33659,3.10266,2.88234,2.67542,2.48157,2.30034,2.1312,1.97359,1.82692,1.69056,1.56392,1.4464,1.33742,1.23641,1.14285,1.05622,0.976031,0.901839,0.833211,0.769745,0.711065,0.65682,0.606682,0.560348,0.517532,0.477973,0.441425,0.407661,0.376473,0.347664,0.321055,0.296478,0.273779,0.252816,0.233456,0.215577,0.199065,0.183818,2.21546
1904,0.0255297,0.315597,0.944043,1.81973,2.80942,3.79757,4.70197,5.47324,6.08843,6.54358,6.84704,7.01433,7.06432,7.01444,6.88837,6.70116,6.46806,6.20216,5.91437,5.61365,5.30717,5.00056,4.69819,4.40331,4.11831,3.84487,3.58408,3.33658,3.10266,2.88234,2.67542,2.48157,2.30033,2.1312,1.97359,1.82691,1.69056,1.56392,1.4464,1.33742,1.23641,1.14285,1.05622,0.976031,0.901838,0.83321,0.769744,0.711064,0.656819,0.606682,0.560347,0.517532,0.477972,0.441424,0.407661,0.376472,0.347664,0.321054,0.296478,0.273779,0.252816,0.233456,0.215576,0.199065,0.183818,2.21546
1905,0.0255297,0.315597,0.944045,1.81973,2.80942,3.79757,4.70198,5.47324,6.08843,6.54358,6.84704,7.01432,7.06431,7.01676,6.88837,6.70116,6.46807,6.20217,5.91439,5.61366,5.30717,5.00056,4.69818,4.4033,4.11831,3.84487,3.58408,3.33658,3.10266,2.88233,2.67541,2.48156,2.30033,2.1312,1.97359,1.82691,1.69056,1.56392,1.4464,1.33742,1.23641,1.14285,1.05621,0.97603,0.901838,0.83321,0.769744,0.711064,0.656819,0.606681,0.560347,0.517531,0.477972,0.441424,0.407661,0.376472,0.347663,0.321054,0.296477,0.273779,0.252816,0.233455,0.215576,0.199065,0.183817,2.21546
1906,0.0255297,0.315597,0.944046,1.81973,2.80942,3.79757,4.70198,5.47325,6.08843,6.54357,6.84703,7.01431,7.06431,7.01675,6.89065,6.70116,6.46807,6.20218,5.9144,5.61368,5.30718,5.00057,4.69818,4.4033,4.11831,3.84487,3.58408,3.33658,3.10266,2.88233,2.67541,2.48156,2.30033,2.13119,1.97359,1.82691,1.69056,1.56392,1.4464,1.33742,1.23641,1.14285,1.05621,0.976029,0.901837,0.833209,0.769743,0.711063,0.656818,0.606681,0.560346,0.517531,0.477971,0.441423,0.40766,0.376472,0.347663,0.321054,0.296477,0.273779,0.252815,0.233455,0.215576,0.199065,0.183817,2.21546
1907,0.0255298,0.315598,0.944047,1.81974,2.80943,3.79758,4.70198,5.47325,6.08844,6.54357,6.84703,7.01431,7.0643,7.01674,6.89064,6.70337,6.46807,6.20218,5.91441,5.61369,5.3072,5.00057,4.69818,4.4033,4.1183,3.84486,3.58407,3.33657,3.10265,2.88233,2.67541,2.48156,2.30033,2.13119,1.97358,1.82691,1.69055,1.56392,1.4464,1.33741,1.23641,1.14284,1.05621,0.976028,0.901836,0.833208,0.769742,0.711062,0.656817,0.60668,0.560345,0.51753,0.477971,0.441423,0.40766,0.376471,0.347663,0.321053,0.296477,0.273778,0.252815,0.233455,0.215576,0.199065,0.183817,2.21545
1908,0.0255298,0.315598,0.944049,1.81974,2.80943,3.79758,4.70199,5.47325,6.08844,6.54358,6.84703,7.01431,7.06429,7.01673,6.89063,6.70336,6.4702,6.20218,5.91441,5.6137,5.30721,5.00059,4.69819,4.4033,4.1183,3.84486,3.58407,3.33657,3.10265,2.88232,2.6754,2.48155,2.30032,2.13119,1.97358,1.82691,1.69055,1.56391,1.44639,1.33741,1.23641,1.14284,1.05621,0.976026,0.901834,0.833207,0.769741,0.711061,0.656816,0.606679,0.560345,0.517529,0.47797,0.441422,0.407659,0.376471,0.347662,0.321053,0.296476,0.273778,0.252815,0.233455,0.215576,0.199064,0.183817,2.21545
1909,0.0255298,0.315599,0.94405,1.81974,2.80943,3.79759,4.70199,5.47326,6.08844,6.54358,6.84703,7.01431,7.06429,7.01672,6.89062,6.70335,6.47019,6.20423,5.91441,5.6137,5.30721,5.0006,4.6982,4.40331,4.1183,3.84485,3.58406,3.33656,3.10264,2.88232,2.6754,2.48155,2.30032,2.13119,1.97358,1.8269,1.69055,1.56391,1.44639,1.33741,1.23641,1.14284,1.05621,0.976025,0.901833,0.833205,0.76974,0.71106,0.656815,0.606678,0.560344,0.517529,0.477969,0.441422,0.407659,0.37647,0.347662,0.321052,0.296476,0.273777,0.252814,0.233454,0.215575,0.199064,0.183817,2.21545
1910,0.0255299,0.315599,0.944051,1.81974,2.80944,3.79759,4.702,5.47327,6.08845,6.54358,6.84703,7.01431,7.06429,7.01672,6.89062,6.70334,6.47018,6.20422,5.91636,5.61369,5.30721,5.0006,4.69821,4.40331,4.1183,3.84485,3.58406,3.33656,3.10264,2.88231,2.6754,2.48155,2.30032,2.13118,1.97358,1.8269,1.69055,1.56391,1.44639,1.33741,1.2364,1.14284,1.05621,0.976023,0.901832,0.833204,0.769738,0.711059,0.656814,0.606677,0.560343,0.517528,0.477969,0.441421,0.407658,0.37647,0.347661,0.321052,0.296475,0.273777,0.252814,0.233454,0.215575,0.199064,0.183816,2.21544
1911,0.0255299,0.3156,0.944052,1.81975,2.80944,3.7976,4.70201,5.47327,6.08846,6.54359,6.84704,7.01431,7.06429,7.01672,6.89061,6.70333,6.47017,6.2042,5.91635,5.61555,5.30721,5.0006,4.69821,4.40332,4.11831,3.84486,3.58406,3.33656,3.10263,2.88231,2.67539,2.48154,2.30031,2.13118,1.97357,1.8269,1.69054,1.56391,1.44639,1.33741,1.2364,1.14284,1.05621,0.976022,0.90183,0.833203,0.769737,0.711058,0.656813,0.606676,0.560342,0.517527,0.477968,0.44142,0.407657,0.376469,0.34766,0.321051,0.296475,0.273777,0.252813,0.233454,0.215574,0.199063,0.183816,2.21544
1912,0.0255299,0.3156,0.944053,1.81975,2.80944,3.7976,4.70201,5.47328,6.08846,6.5436,6.84704,7.01431,7.06429,7.01671,6.89061,6.70333,6.47017,6.20419,5.91634,5.61553,5.30896,5.00059,4.69821,4.40333,4.11832,3.84487,3.58406,3.33655,3.10263,2.88231,2.67539,2.48154,2.30031,2.13117,1.97357,1.82689,1.69054,1.5639,1.44639,1.3374,1.2364,1.14284,1.0562,0.97602,0.901828,0.833201,0.769736,0.711056,0.656812,0.606675,0.560341,0.517526,0.477967,0.441419,0.407657,0.376468,0.34766,0.321051,0.296474,0.273776,0.252813,0.233453,0.215574,0.199063,0.183816,2.21544
1913,0.0255299,0.3156,0.944054,1.81975,2.80945,3.79761,4.70202,5.47329,6.08847,6.5436,6.84705,7.01432,7.06429,7.01671,6.8906,6.70332,6.47016,6.20419,5.91633,5.61552,5.30895,5.00224,4.69821,4.40332,4.11832,3.84487,3.58407,3.33656,3.10263,2.8823,2.67538,2.48153,2.3003,2.13117,1.97357,1.82689,1.69054,1.5639,1.44638,1.3374,1.2364,1.14283,1.0562,0.976018,0.901827,0.833199,0.769734,0.711055,0.656811,0.606674,0.56034,0.517525,0.477966,0.441419,0.407656,0.376468,0.347659,0.32105,0.296474,0.273776,0.252813,0.233453,0.215574,0.199063,0.183815,2.21543
1914,0.02553,0.315601,0.944055,1.81975,2.80945,3.79761,4.70203,5.47329,6.08848,6.54361,6.84706,7.01432,7.06429,7.01672,6.8906,6.70332,6.47015,6.20418,5.91632,5.61551,5.30893,5.00223,4.69975,4.40332,4.11832,3.84487,3.58407,3.33656,3.10263,2.8823,2.67538,2.48153,2.3003,2.13117,1.97356,1.82689,1.69053,1.5639,1.44638,1.3374,1.23639,1.14283,1.0562,0.976016,0.901825,0.833198,0.769733,0.711054,0.656809,0.606673,0.560339,0.517524,0.477965,0.441418,0.407655,0.376467,0.347658,0.321049,0.296473,0.273775,0.252812,0.233452,0.215573,0.199062,0.183815,2.21543
1915,0.02553,0.315601,0.944056,1.81975,2.80945,3.79762,4.70203,5.4733,6.08849,6.54362,6.84706,7.01433,7.0643,7.01672,6.8906,6.70332,6.47015,6.20417,5.91631,5.6155,5.30892,5.00222,4.69974,4.40477,4.11831,3.84487,3.58408,3.33657,3.10264,2.8823,2.67538,2.48153,2.30029,2.13116,1.97356,1.82688,1.69053,1.56389,1.44638,1.3374,1.23639,1.14283,1.0562,0.976014,0.901823,0.833196,0.769731,0.711052,0.656808,0.606671,0.560337,0.517523,0.477964,0.441417,0.407654,0.376466,0.347658,0.321049,0.296472,0.273774,0.252811,0.233452,0.215573,0.199062,0.183814,2.21542
1916,0.02553,0.315601,0.944057,1.81976,2.80946,3.79762,4.70204,5.47331,6.08849,6.54362,6.84707,7.01433,7.0643,7.01672,6.89061,6.70332,6.47015,6.20417,5.9163,5.6155,5.30891,5.00221,4.69973,4.40476,4.11967,3.84486,3.58407,3.33657,3.10264,2.88231,2.67538,2.48152,2.30029,2.13116,1.97355,1.82688,1.69053,1.56389,1.44637,1.33739,1.23639,1.14283,1.05619,0.976011,0.901821,0.833194,0.769729,0.71105,0.656806,0.60667,0.560336,0.517522,0.477963,0.441416,0.407653,0.376465,0.347657,0.321048,0.296472,0.273774,0.252811,0.233451,0.215572,0.199061,0.183814,2.21542
1917,0.02553,0.315601,0.944058,1.81976,2.80946,3.79763,4.70204,5.47331,6.0885,6.54363,6.84708,7.01434,7.06431,7.01673,6.89061,6.70332,6.47015,6.20416,5.9163,5.61549,5.30891,5.0022,4.69972,4.40475,4.11966,3.84613,3.58406,3.33656,3.10264,2.88231,2.67538,2.48152,2.30029,2.13115,1.97355,1.82687,1.69052,1.56389,1.44637,1.33739,1.23639,1.14282,1.05619,0.976009,0.901818,0.833192,0.769727,0.711049,0.656805,0.606668,0.560335,0.51752,0.477962,0.441415,0.407652,0.376464,0.347656,0.321047,0.296471,0.273773,0.25281,0.233451,0.215572,0.199061,0.183814,2.21541
1918,0.02553,0.315602,0.944059,1.81976,2.80946,3.79763,4.70205,5.47332,6.08851,6.54364,6.84708,7.01434,7.06431,7.01673,6.89061,6.70332,6.47015,6.20416,5.9163,5.61548,5.3089,5.00219,4.69971,4.40474,4.11965,3.84612,3.58524,3.33656,3.10264,2.88231,2.67539,2.48153,2.30029,2.13115,1.97354,1.82687,1.69052,1.56388,1.44637,1.33739,1.23638,1.14282,1.05619,0.976007,0.901816,0.83319,0.769725,0.711047,0.656803,0.606667,0.560333,0.517519,0.477961,0.441413,0.407651,0.376463,0.347655,0.321046,0.29647,0.273772,0.25281,0.23345,0.215571,0.19906,0.183813,2.2154
1919,0.0255301,0.315602,0.94406,1.81976,2.80947,3.79763,4.70205,5.47332,6.08851,6.54364,6.84709,7.01435,7.06432,7.01673,6.89061,6.70332,6.47015,6.20416,5.91629,5.61548,5.30889,5.00218,4.6997,4.40473,4.11964,3.84611,3.58523,3.33766,3.10263,2.8823,2.67538,2.48153,2.30029,2.13115,1.97354,1.82687,1.69051,1.56388,1.44636,1.33738,1.23638,1.14282,1.05619,0.976004,0.901814,0.833187,0.769723,0.711045,0.656801,0.606665,0.560332,0.517518,0.477959,0.441412,0.40765,0.376462,0.347654,0.321045,0.296469,0.273772,0.252809,0.233449,0.215571,0.19906,0.183813,2.2154
1920,0.0255301,0.315602,0.94406,1.81976,2.80947,3.79764,4.70206,5.47333,6.08852,6.54365,6.84709,7.01435,7.06432,7.01674,6.89062,6.70332,6.47015,6.20416,5.91629,5.61547,5.30889,5.00218,4.6997,4.40472,4.11963,3.8461,3.58522,3.33765,3.10365,2.8823,2.67538,2.48153,2.30029,2.13115,1.97354,1.82686,1.69051,1.56387,1.44636,1.33738,1.23638,1.14281,1.05618,0.976001,0.901811,0.833185,0.769721,0.711043,0.656799,0.606663,0.56033,0.517516,0.477958,0.441411,0.407649,0.376461,0.347653,0.321045,0.296469,0.273771,0.252808,0.233449,0.21557,0.199059,0.183812,2.21539
1921,0.0255301,0.315602,0.944061,1.81976,2.80947,3.79764,4.70206,5.47333,6.08852,6.54365,6.8471,7.01436,7.06433,7.01674,6.89062,6.70333,6.47015,6.20416,5.91629,5.61547,5.30888,5.00217,4.69969,4.40471,4.11962,3.84609,3.58521,3.33764,3.10364,2.88325,2.67537,2.48152,2.30029,2.13116,1.97354,1.82686,1.69051,1.56387,1.44635,1.33737,1.23637,1.14281,1.05618,0.975998,0.901808,0.833183,0.769719,0.711041,0.656797,0.606662,0.560329,0.517515,0.477956,0.44141,0.407648,0.37646,0.347652,0.321044,0.296468,0.27377,0.252807,0.233448,0.215569,0.199059,0.183812,2.21539
1922,0.0255301,0.315602,0.944061,1.81977,2.80947,3.79764,4.70206,5.47334,6.08853,6.54366,6.8471,7.01436,7.06433,7.01675,6.89062,6.70333,6.47015,6.20416,5.91629,5.61547,5.30888,5.00217,4.69968,4.4047,4.11961,3.84608,3.58521,3.33763,3.10363,2.88324,2.67625,2.48152,2.30029,2.13115,1.97354,1.82686,1.69051,1.56387,1.44635,1.33737,1.23637,1.14281,1.05618,0.975995,0.901806,0.83318,0.769716,0.711038,0.656795,0.60666,0.560327,0.517513,0.477955,0.441408,0.407646,0.376459,0.347651,0.321043,0.296467,0.273769,0.252807,0.233447,0.215569,0.199058,0.183811,2.21538
1923,0.0255301,0.315603,0.944062,1.81977,2.80947,3.79765,4.70207,5.47334,6.08853,6.54366,6.84711,7.01437,7.06433,7.01675,6.89063,6.70333,6.47015,6.20416,5.91629,5.61547,5.30888,5.00217,4.69968,4.4047,4.11961,3.84607,3.5852,3.33762,3.10362,2.88323,2.67624,2.48233,2.30028,2.13115,1.97354,1.82687,1.69051,1.56387,1.44635,1.33737,1.23636,1.1428,1.05617,0.975992,0.901803,0.833177,0.769714,0.711036,0.656793,0.606658,0.560325,0.517511,0.477953,0.441407,0.407645,0.376458,0.34765,0.321042,0.296466,0.273768,0.252806,0.233446,0.215568,0.199057,0.18381,2.21537
1924,0.0255301,0.315603,0.944062,1.81977,2.80948,3.79765,4.70207,5.47335,6.08854,6.54367,6.84711,7.01437,7.06434,7.01675,6.89063,6.70333,6.47015,6.20416,5.91629,5.61547,5.30888,5.00216,4.69968,4.40469,4.1196,3.84607,3.58519,3.33761,3.10361,2.88322,2.67624,2.48232,2.30104,2.13114,1.97354,1.82686,1.69051,1.56387,1.44635,1.33736,1.23636,1.1428,1.05617,0.975989,0.9018,0.833174,0.769711,0.711034,0.656791,0.606656,0.560323,0.51751,0.477952,0.441405,0.407644,0.376456,0.347649,0.321041,0.296465,0.273767,0.252805,0.233446,0.215567,0.199057,0.18381,2.21536
1925,0.0255301,0.315603,0.944063,1.81977,2.80948,3.79765,4.70207,5.47335,6.08854,6.54367,6.84712,7.01437,7.06434,7.01675,6.89063,6.70333,6.47015,6.20416,5.91629,5.61547,5.30888,5.00216,4.69967,4.40469,4.11959,3.84606,3.58518,3.3376,3.10361,2.88321,2.67623,2.48232,2.30103,2.13184,1.97353,1.82686,1.69051,1.56387,1.44635,1.33736,1.23636,1.1428,1.05617,0.975985,0.901797,0.833172,0.769708,0.711031,0.656789,0.606654,0.560321,0.517508,0.47795,0.441404,0.407642,0.376455,0.347647,0.321039,0.296464,0.273766,0.252804,0.233445,0.215566,0.199056,0.183809,2.21536
1926,0.0255301,0.315603,0.944063,1.81977,2.80948,3.79765,4.70208,5.47335,6.08854,6.54367,6.84712,7.01438,7.06434,7.01676,6.89063,6.70333,6.47015,6.20416,5.91629,5.61547,5.30887,5.00216,4.69967,4.40469,4.11959,3.84606,3.58518,3.33759,3.1036,2.8832,2.67622,2.48231,2.30102,2.13184,1.97418,1.82685,1.6905,1.56387,1.44635,1.33736,1.23636,1.14279,1.05616,0.975982,0.901793,0.833169,0.769706,0.711029,0.656786,0.606651,0.560319,0.517506,0.477948,0.441402,0.407641,0.376454,0.347646,0.321038,0.296463,0.273765,0.252803,0.233444,0.215566,0.199055,0.183808,2.21535
1927,0.0255301,0.315603,0.944064,1.81977,2.80948,3.79765,4.70208,5.47336,6.08855,6.54368,6.84712,7.01438,7.06434,7.01676,6.89063,6.70333,6.47015,6.20416,5.91629,5.61547,5.30887,5.00216,4.69967,4.40468,4.11959,3.84605,3.58517,3.33759,3.10359,2.88319,2.67621,2.4823,2.30101,2.13183,1.97417,1.82745,1.6905,1.56386,1.44635,1.33736,1.23636,1.14279,1.05616,0.975979,0.90179,0.833166,0.769703,0.711026,0.656784,0.606649,0.560317,0.517504,0.477947,0.441401,0.407639,0.376452,0.347645,0.321037,0.296462,0.273764,0.252802,0.233443,0.215565,0.199055,0.183808,2.21534
1928,0.0255302,0.315603,0.944064,1.81977,2.80948,3.79766,4.70208,5.47336,6.08855,6.54369,6.84713,7.01439,7.06435,7.01676,6.89064,6.70334,6.47016,6.20417,5.91629,5.61547,5.30888,5.00216,4.69967,4.40468,4.11959,3.84605,3.58517,3.33759,3.10359,2.88319,2.67621,2.4823,2.30101,2.13182,1.97417,1.82745,1.69105,1.56386,1.44634,1.33736,1.23636,1.14279,1.05616,0.975978,0.901788,0.833163,0.769701,0.711024,0.656782,0.606648,0.560315,0.517503,0.477945,0.441399,0.407638,0.376451,0.347644,0.321036,0.296461,0.273764,0.252802,0.233442,0.215564,0.199054,0.183807,2.21533
1929,0.0255302,0.315603,0.944064,1.81977,2.80948,3.79766,4.70208,5.47336,6.08855,6.54368,6.84713,7.01438,7.06435,7.01676,6.89063,6.70334,6.47015,6.20416,5.91629,5.61546,5.30887,5.00215,4.69966,4.40468,4.11958,3.84605,3.58516,3.33758,3.10358,2.88318,2.6762,2.48229,2.301,2.13181,1.97416,1.82744,1.69105,1.56437,1.44634,1.33736,1.23636,1.14279,1.05616,0.975976,0.901786,0.83316,0.769697,0.711021,0.656779,0.606645,0.560313,0.5175,0.477943,0.441397,0.407636,0.376449,0.347642,0.321035,0.296459,0.273762,0.2528,0.233441,0.215563,0.199053,0.183806,2.21532
1930,0.0255278,0.315603,0.944065,1.81977,2.80948,3.79755,4.70138,5.47119,6.08449,6.53811,6.84068,7.00754,7.05737,7.0098,6.88379,6.69668,6.46372,6.198,5.91041,5.60988,5.30359,4.99718,4.69499,4.4003,4.11548,3.84222,3.5816,3.33426,3.10049,2.88031,2.67353,2.47981,2.29871,2.12969,1.97219,1.82562,1.68936,1.56281,1.44537,1.33602,1.23512,1.14166,1.05511,0.975006,0.900888,0.83233,0.76893,0.710311,0.656124,0.606039,0.559754,0.516984,0.477466,0.440957,0.407229,0.376074,0.347295,0.320714,0.296164,0.273489,0.252548,0.233208,0.215348,0.198854,0.183623,2.21311
1931,0.0255236,0.315574,0.944065,1.81977,2.80948,3.79746,4.70069,5.46864,6.07883,6.52929,6.82971,6.99547,7.0449,6.99731,6.87149,6.6847,6.45216,6.18691,5.89983,5.59984,5.2941,4.98824,4.68659,4.39242,4.10812,3.83534,3.57519,3.32829,3.09494,2.87516,2.66874,2.47537,2.29459,2.12587,1.96866,1.82234,1.68633,1.56001,1.44278,1.33407,1.23291,1.13961,1.05322,0.973261,0.899276,0.83084,0.767552,0.709038,0.654947,0.604953,0.55875,0.516057,0.47661,0.440166,0.406499,0.375399,0.346673,0.320139,0.295632,0.272999,0.252095,0.23279,0.214962,0.198498,0.183294,2.20914
1932,0.0255217,0.315522,0.943977,1.81977,2.80948,3.79756,4.70124,5.46987,6.0798,6.52844,6.82653,6.99065,7.0393,6.99146,6.86565,6.67899,6.44664,6.1816,5.89477,5.59504,5.28956,4.98396,4.68257,4.38865,4.10459,3.83205,3.57212,3.32543,3.09228,2.87269,2.66645,2.47324,2.29261,2.12404,1.96696,1.82078,1.68488,1.55866,1.44154,1.33292,1.23226,1.13863,1.05232,0.972425,0.898505,0.830127,0.766893,0.708429,0.654384,0.604432,0.558269,0.515612,0.476199,0.439787,0.406149,0.375076,0.346374,0.319863,0.295378,0.272764,0.251878,0.23259,0.214777,0.198327,0.183136,2.20724
1933,0.025522,0.315499,0.943821,1.8196,2.80949,3.79766,4.70196,5.47239,6.08468,6.53429,6.83119,6.9933,7.04046,6.9919,6.86581,6.67905,6.44666,6.18162,5.89479,5.59505,5.28957,4.98397,4.68258,4.38866,4.1046,3.83206,3.57212,3.32544,3.09229,2.87269,2.66646,2.47325,2.29262,2.12404,1.96696,1.82077,1.68488,1.55866,1.44154,1.33292,1.23225,1.139,1.05231,0.972425,0.898505,0.830129,0.766895,0.708429,0.654383,0.604431,0.558268,0.515611,0.476198,0.439786,0.406148,0.375075,0.346373,0.319863,0.295377,0.272763,0.251878,0.232589,0.214776,0.198326,0.183135,2.20724
1934,0.0255219,0.315502,0.943751,1.8193,2.80922,3.79765,4.70196,5.47285,6.08677,6.53857,6.8362,6.99689,7.04192,6.99185,6.86505,6.67805,6.44561,6.18059,5.89379,5.5941,5.28867,4.98312,4.68178,4.38791,4.1039,3.8314,3.57151,3.32487,3.09176,2.8722,2.666,2.47282,2.29222,2.12368,1.96662,1.82046,1.68458,1.55839,1.44129,1.33269,1.23204,1.13881,1.05248,0.972256,0.89835,0.829986,0.766764,0.708309,0.654271,0.604327,0.558171,0.515521,0.476116,0.439709,0.406077,0.37501,0.346313,0.319807,0.295326,0.272715,0.251834,0.232549,0.214739,0.198292,0.183104,2.20685
1935,0.0255216,0.315501,0.943761,1.81917,2.80876,3.79728,4.70188,5.47265,6.08691,6.54029,6.84006,7.00137,7.04487,6.99263,6.86435,6.67668,6.44403,6.17899,5.89224,5.59263,5.28727,4.9818,4.68054,4.38675,4.10281,3.83039,3.57057,3.32399,3.09094,2.87144,2.66529,2.47216,2.29161,2.12311,1.9661,1.81997,1.68413,1.55797,1.4409,1.33233,1.23171,1.1385,1.0522,0.972317,0.898109,0.829764,0.766559,0.708121,0.654098,0.604166,0.558022,0.515383,0.475988,0.439591,0.405968,0.374909,0.34622,0.319721,0.295246,0.272642,0.251766,0.232486,0.214681,0.198239,0.183054,2.20626
1936,0.025522,0.315497,0.943757,1.81919,2.80855,3.79668,4.70162,5.47313,6.08776,6.54192,6.84358,7.00715,7.05125,6.99743,6.86695,6.67777,6.44443,6.17912,5.89229,5.59264,5.28728,4.98181,4.68054,4.38675,4.10282,3.83039,3.57057,3.32399,3.09094,2.87144,2.66529,2.47217,2.29161,2.12311,1.9661,1.81997,1.68413,1.55797,1.4409,1.33233,1.2317,1.1385,1.05219,0.972314,0.898404,0.829762,0.766558,0.70812,0.654098,0.604166,0.558022,0.515382,0.475987,0.43959,0.405967,0.374908,0.346219,0.31972,0.295246,0.272641,0.251765,0.232485,0.214681,0.198238,0.183054,2.20625
1937,0.0255199,0.315502,0.943747,1.81918,2.80858,3.7963,4.70016,5.47061,6.08415,6.53715,6.83871,7.00377,7.04995,6.99666,6.86468,6.67352,6.43894,6.17323,5.88643,5.58701,5.28193,4.97676,4.6758,4.3823,4.09865,3.8265,3.56695,3.32062,3.0878,2.86852,2.66259,2.46966,2.28929,2.12096,1.9641,1.81812,1.68242,1.55639,1.43943,1.33097,1.23045,1.13734,1.05112,0.971324,0.897489,0.829192,0.765778,0.7074,0.653434,0.603553,0.557455,0.514859,0.475503,0.439143,0.405554,0.374526,0.345866,0.319394,0.294945,0.272364,0.251509,0.232249,0.214462,0.198036,0.182867,2.20401
1938,0.0255124,0.315477,0.943762,1.81916,2.80855,3.79608,4.69804,5.46385,6.07188,6.52029,6.81871,6.98284,7.0303,6.97918,6.84802,6.65585,6.41991,6.15366,5.86717,5.56851,5.26437,4.96019,4.66022,4.3677,4.085,3.81375,3.55506,3.30955,3.07751,2.85896,2.65371,2.46143,2.28166,2.11389,1.95755,1.81206,1.67681,1.5512,1.43463,1.32653,1.22635,1.13354,1.04762,0.968083,0.894495,0.826426,0.763477,0.705041,0.651255,0.601541,0.555598,0.513143,0.473918,0.437678,0.404201,0.373277,0.344712,0.318329,0.293961,0.271455,0.25067,0.231474,0.213747,0.197375,0.182257,2.19665
1939,0.0255036,0.315384,0.943687,1.81919,2.80852,3.79599,4.69737,5.46012,6.06201,6.5039,6.79739,6.95846,7.00526,6.9557,6.82696,6.63584,6.3992,6.13192,5.84519,5.54707,5.2439,4.94083,4.64201,4.35063,4.06903,3.79884,3.54116,3.29661,3.06548,2.84779,2.64334,2.4518,2.27274,2.10562,1.9499,1.80498,1.67026,1.54513,1.42902,1.32135,1.22155,1.12911,1.04352,0.964295,0.890995,0.823192,0.760489,0.702514,0.648706,0.599188,0.553425,0.511137,0.472065,0.435967,0.40262,0.371816,0.343364,0.317083,0.292811,0.270393,0.249689,0.230568,0.21291,0.196603,0.181544,2.18806
1940,0.0254931,0.315276,0.943408,1.81904,2.80856,3.79586,4.69667,5.45752,6.0545,6.4887,6.77496,6.93103,6.97501,6.92516,6.79833,6.60992,6.37466,6.10705,5.81969,5.52169,5.21936,4.91752,4.62005,4.33003,4.04975,3.78084,3.52438,3.28099,3.05095,2.83429,2.63081,2.44018,2.26196,2.09564,1.94066,1.79642,1.66234,1.53781,1.42225,1.31508,1.21576,1.12376,1.03857,0.959723,0.886769,0.819287,0.756882,0.699182,0.645844,0.596346,0.550801,0.508714,0.469827,0.433901,0.400711,0.370053,0.341735,0.315579,0.291422,0.26911,0.248505,0.229475,0.2119,0.195671,0.180683,2.17768
1941,0.0254807,0.315145,0.943084,1.81851,2.80833,3.79581,4.69585,5.4547,6.04787,6.47553,6.75322,6.9019,6.94115,6.88892,6.76224,6.57614,6.34391,6.07802,5.79074,5.49253,5.19068,4.88999,4.59401,4.30556,4.02685,3.75946,3.50445,3.26243,3.0337,2.81826,2.61593,2.42638,2.24917,2.08379,1.92968,1.78626,1.65293,1.52911,1.4142,1.30764,1.20888,1.1174,1.03269,0.954291,0.881751,0.81465,0.752597,0.695225,0.642188,0.593168,0.547683,0.505835,0.467169,0.431446,0.398445,0.36796,0.339801,0.313793,0.289772,0.267587,0.247098,0.228176,0.210701,0.194563,0.17966,2.16535
1942,0.0254732,0.314992,0.942695,1.81788,2.80751,3.7957,4.69711,5.4578,6.0523,6.47878,6.75141,6.89235,6.92479,6.86823,6.73938,6.55342,6.32324,6.05997,5.77395,5.47539,5.1729,4.87219,4.57681,4.28927,4.01156,3.74517,3.49112,3.25002,3.02216,2.80754,2.60598,2.41715,2.24061,2.07586,1.92234,1.77946,1.64665,1.52329,1.40882,1.30267,1.20428,1.11315,1.02876,0.950659,0.878394,0.811549,0.749732,0.692578,0.639743,0.590909,0.545779,0.503909,0.465391,0.429805,0.396929,0.36656,0.338509,0.312599,0.288669,0.266568,0.246157,0.227307,0.209899,0.193822,0.178976,2.15711
1943,0.0254642,0.3149,0.942236,1.81713,2.80654,3.79451,4.69641,5.45754,6.05252,6.47911,6.74971,6.88513,6.90974,6.8466,6.7138,6.52608,6.29639,6.03543,5.75223,5.45518,5.15266,4.85164,4.55652,4.26982,3.99321,3.72799,3.47509,3.23509,3.00827,2.79464,2.594,2.40604,2.23032,2.06632,1.9135,1.77129,1.63908,1.51629,1.40235,1.29668,1.19875,1.10803,1.02403,0.946289,0.874356,0.807818,0.746285,0.689393,0.636801,0.588191,0.543269,0.501758,0.463251,0.427828,0.395105,0.364876,0.336953,0.311162,0.287342,0.265342,0.245025,0.226261,0.208933,0.192931,0.178153,2.14719
1944,0.0254541,0.314788,0.941959,1.81625,2.80538,3.79313,4.69449,5.45534,6.04964,6.47581,6.74599,6.87909,6.89814,6.82739,6.68841,6.49718,6.26614,6.00598,5.72529,5.4312,5.13038,4.82958,4.53442,4.24819,3.97257,3.70857,3.45694,3.21819,2.99255,2.78003,2.58044,2.39346,2.21866,2.05552,1.9035,1.76203,1.63051,1.50836,1.39501,1.2899,1.19248,1.10224,1.01868,0.94134,0.869783,0.803593,0.742382,0.685787,0.63347,0.585114,0.540427,0.499133,0.46098,0.42559,0.393038,0.362968,0.335191,0.309536,0.28584,0.263955,0.243743,0.225078,0.20784,0.191921,0.177221,2.13595
1945,0.0254395,0.314663,0.941627,1.81571,2.80401,3.79135,4.69135,5.44868,6.03895,6.46144,6.72956,6.86157,6.87816,6.80209,6.65609,6.45944,6.22569,5.96496,5.68577,5.39478,5.09744,4.79892,4.50463,4.21898,3.94441,3.6819,3.43195,3.19487,2.97085,2.75987,2.56173,2.37611,2.20257,2.04061,1.8897,1.74925,1.61869,1.49743,1.3849,1.28054,1.18383,1.09424,1.01129,0.934513,0.863475,0.797764,0.736996,0.680812,0.628874,0.580869,0.536506,0.495512,0.457636,0.422643,0.390187,0.360335,0.33276,0.307291,0.283767,0.26204,0.241975,0.223445,0.206332,0.190529,0.175935,2.12046
1946,0.025423,0.314482,0.941252,1.81507,2.80318,3.78939,4.68845,5.44292,6.02762,6.44463,6.70844,6.83831,6.85399,6.77579,6.62496,6.42196,6.1835,5.92069,5.64143,5.35231,5.05831,4.76345,4.47165,4.18718,3.91347,3.65223,3.40394,3.16868,2.94646,2.73719,2.54068,2.35658,2.18446,2.02384,1.87416,1.73487,1.60538,1.48512,1.37351,1.27002,1.1741,1.08525,1.00298,0.926831,0.856376,0.791205,0.730937,0.675214,0.623703,0.576093,0.532094,0.491437,0.453872,0.419167,0.387106,0.357372,0.330024,0.304765,0.281434,0.259886,0.239986,0.221608,0.204636,0.188962,0.174488,2.10302
1947,0.0254053,0.314278,0.940711,1.81435,2.80219,3.78819,4.68552,5.438,6.01834,6.42858,6.68642,6.81201,6.82586,6.74712,6.59459,6.38732,6.14319,5.87632,5.59552,5.30674,5.01487,4.72348,4.43541,4.15353,3.88117,3.62097,3.37408,3.14056,2.92019,2.71276,2.51798,2.33552,2.16495,2.00576,1.85742,1.71937,1.59104,1.47185,1.36124,1.25867,1.16361,1.07555,0.994015,0.918549,0.848724,0.784135,0.724405,0.66918,0.618129,0.570944,0.527338,0.487045,0.449815,0.41542,0.383646,0.354295,0.327074,0.302041,0.278919,0.257564,0.237842,0.219628,0.202807,0.187273,0.172929,2.08422
1948,0.0254033,0.31406,0.940101,1.81331,2.8011,3.78748,4.68827,5.44763,6.03718,6.4518,6.70781,6.82983,6.84034,6.75983,6.60623,6.39634,6.14686,5.87319,5.58706,5.29527,5.00214,4.71114,4.4247,4.14469,3.87318,3.61272,3.36536,3.13176,2.91171,2.70477,2.51054,2.32861,2.15854,1.99982,1.85192,1.71428,1.58632,1.46749,1.35721,1.25494,1.16016,1.07236,0.991069,0.915827,0.846209,0.781811,0.722258,0.667197,0.616297,0.569251,0.525775,0.4856,0.448481,0.414188,0.382508,0.353244,0.326212,0.301145,0.278092,0.256801,0.237137,0.218977,0.202206,0.186718,0.172416,2.07804
1949,0.025394,0.314035,0.939448,1.81213,2.79947,3.78569,4.6852,5.44406,6.03525,6.45475,6.71221,6.83075,6.83702,6.75314,6.5981,6.3877,6.1364,5.85842,5.5667,5.27082,4.9758,4.68456,4.3994,4.12182,3.85291,3.59407,3.34724,3.11395,2.89453,2.68853,2.49537,2.31451,2.14545,1.98769,1.84069,1.70388,1.5767,1.45859,1.34898,1.24733,1.15312,1.06586,0.985058,0.910273,0.841076,0.777069,0.717877,0.66315,0.612558,0.565798,0.522585,0.482654,0.44576,0.411675,0.380187,0.3511,0.324233,0.299417,0.276405,0.255243,0.235699,0.217649,0.200979,0.185586,0.17137,2.06543
1950,0.0253842,0.313921,0.939374,1.81087,2.79766,3.78344,4.68267,5.43954,6.02951,6.45024,6.71247,6.83227,6.83494,6.74689,6.58866,6.37703,6.12541,5.84587,5.55026,5.2493,4.95064,4.65784,4.37266,4.09645,3.82996,3.57369,3.3285,3.09582,2.8768,2.67149,2.47929,2.2995,2.13151,1.97477,1.82872,1.6928,1.56645,1.4491,1.34021,1.23922,1.14563,1.05893,0.978653,0.904353,0.835606,0.772016,0.713209,0.658837,0.608574,0.562118,0.519186,0.479514,0.44286,0.408997,0.377713,0.348816,0.322123,0.297469,0.274698,0.253582,0.234165,0.216233,0.199672,0.184379,0.170255,2.05199
1951,0.0253853,0.313799,0.939031,1.81073,2.79574,3.78143,4.68282,5.44564,6.04136,6.46714,6.73429,6.86053,6.86482,6.77293,6.61002,6.39447,6.14069,5.85975,5.56148,5.25563,4.951,4.65362,4.36585,4.08853,3.82227,3.56722,3.32343,3.09133,2.87198,2.6662,2.47385,2.29422,2.12653,1.97013,1.82441,1.68881,1.56276,1.44569,1.33705,1.2363,1.14293,1.05643,0.976346,0.902221,0.833637,0.770196,0.711527,0.657283,0.607139,0.560792,0.517961,0.478383,0.441815,0.408032,0.376822,0.347992,0.321363,0.296766,0.274049,0.253068,0.233613,0.215723,0.199202,0.183944,0.169854,2.04715
1952,0.0253873,0.313813,0.938667,1.81007,2.79552,3.77885,4.6805,5.44635,6.04913,6.48121,6.75351,6.88449,6.8949,6.80421,6.63716,6.41677,6.159,5.87581,5.57605,5.26755,4.95819,4.65511,4.36297,4.08318,3.81582,3.56094,3.31823,3.08738,2.86852,2.6624,2.46956,2.28975,2.12217,1.96601,1.82057,1.68525,1.55946,1.44264,1.33422,1.23369,1.14051,1.0542,0.974284,0.900316,0.831876,0.768569,0.710024,0.655895,0.605857,0.559608,0.516867,0.477372,0.440882,0.407169,0.376025,0.347257,0.320683,0.296139,0.273469,0.252532,0.233196,0.215267,0.19878,0.183555,0.169495,2.04282
1953,0.0253843,0.313838,0.938709,1.80937,2.79448,3.77834,4.67584,5.4391,6.04141,6.4779,6.75477,6.88993,6.90456,6.81973,6.65384,6.42962,6.16753,5.88098,5.57962,5.27028,4.95902,4.6521,4.35522,4.07193,3.80284,3.54748,3.30544,3.07609,2.85886,2.65361,2.46087,2.28099,2.1136,1.95787,1.81296,1.67818,1.55291,1.43657,1.32862,1.2285,1.13572,1.04977,0.970189,0.896531,0.828379,0.765338,0.70704,0.653138,0.60331,0.557255,0.514694,0.475365,0.439028,0.405457,0.374444,0.345796,0.319334,0.294893,0.272319,0.25147,0.232215,0.214432,0.197944,0.182783,0.168783,2.03422
1954,0.0253884,0.3138,0.938783,1.80945,2.79342,3.77724,4.67716,5.43973,6.04466,6.4851,6.76916,6.9101,6.92919,6.84831,6.68762,6.46377,6.19713,5.90557,5.60012,5.28838,4.97545,4.66586,4.36456,4.07604,3.80295,3.54528,3.30214,3.07279,2.85635,2.65206,2.4596,2.27931,2.11139,1.9554,1.81049,1.67583,1.55071,1.43453,1.32673,1.22676,1.1341,1.04828,0.968808,0.895256,0.8272,0.764249,0.706033,0.652208,0.602451,0.556462,0.513961,0.474689,0.438403,0.404879,0.37391,0.345303,0.318879,0.294473,0.27193,0.251111,0.231883,0.214126,0.197727,0.182523,0.168542,2.03132
1955,0.0253938,0.313851,0.938671,1.80959,2.79354,3.77584,4.67614,5.44232,6.04734,6.4913,6.77982,6.92814,6.95285,6.87609,6.71892,6.49975,6.23308,5.9368,5.62627,5.3104,4.99496,4.6836,4.37961,4.08677,3.80865,3.54711,3.3017,3.07122,2.85468,2.65103,2.45935,2.27924,2.11086,1.95431,1.80909,1.67436,1.54929,1.4332,1.32549,1.22561,1.13304,1.04729,0.967901,0.894417,0.826426,0.763534,0.705372,0.651597,0.601887,0.555941,0.51348,0.474244,0.437992,0.4045,0.37356,0.344979,0.31858,0.294196,0.271675,0.250875,0.231666,0.213925,0.197542,0.182412,0.168384,2.02942
1956,0.0253947,0.313917,0.938824,1.80938,2.79376,3.77583,4.67318,5.43732,6.04308,6.48439,6.77499,6.92706,6.95881,6.88745,6.73432,6.51869,6.25676,5.96074,5.64608,5.32581,5.00694,4.6937,4.38852,4.09365,3.81195,3.54618,3.2976,3.06541,2.8482,2.64481,2.45407,2.275,2.10709,1.95038,1.8049,1.67012,1.54521,1.42937,1.32193,1.22231,1.12999,1.04447,0.965294,0.892008,0.8242,0.761477,0.703472,0.649842,0.600265,0.554443,0.512096,0.472966,0.436812,0.40341,0.372553,0.34405,0.317721,0.293403,0.270943,0.250199,0.231041,0.213348,0.197009,0.18192,0.167985,2.02394
1957,0.025399,0.313928,0.939022,1.80967,2.79343,3.77626,4.67413,5.43686,6.04311,6.48749,6.77663,6.93152,6.96728,6.90285,6.75475,6.54265,6.28365,5.99164,5.67668,5.35194,5.0284,4.71145,4.40406,4.10765,3.82364,3.55416,3.30128,3.06583,2.84674,2.64245,2.4517,2.27325,2.10607,1.94958,1.80376,1.66855,1.54343,1.42757,1.32021,1.22071,1.12851,1.0431,0.964024,0.890834,0.823115,0.760474,0.702546,0.648986,0.599475,0.553713,0.511422,0.472343,0.436236,0.402878,0.372062,0.343596,0.317302,0.293016,0.270585,0.249869,0.230736,0.213066,0.196749,0.181679,0.167763,2.02133
1958,0.0253994,0.313981,0.939055,1.81005,2.79387,3.77566,4.67361,5.43471,6.03653,6.47918,6.77023,6.92298,6.96136,6.90091,6.75971,6.55266,6.29728,6.00837,5.69754,5.37287,5.04549,4.72455,4.41408,4.11601,3.83096,3.55971,3.30375,3.06465,2.84285,2.63713,2.44584,2.26765,2.1013,1.94572,1.80032,1.665,1.53967,1.42379,1.31658,1.2173,1.12534,1.04017,0.961311,0.888327,0.820798,0.758334,0.700568,0.647159,0.597787,0.552154,0.509982,0.471013,0.435008,0.401744,0.371015,0.342629,0.316409,0.292191,0.269823,0.249165,0.230086,0.212466,0.196194,0.181167,0.167291,2.01568
1959,0.025406,0.313987,0.939213,1.81012,2.79448,3.77653,4.67466,5.43963,6.04445,6.48626,6.77788,6.93375,6.9704,6.91259,6.77502,6.57418,6.32299,6.03675,5.72801,5.40637,5.07813,4.75269,4.43764,4.13589,3.84854,3.57561,3.31734,3.07475,2.849,2.64025,2.44714,2.268,2.10146,1.94626,1.80133,1.66606,1.5403,1.42394,1.31643,1.21704,1.12505,1.03989,0.961051,0.888086,0.820574,0.758127,0.700377,0.646983,0.597624,0.552003,0.509843,0.470885,0.434889,0.401634,0.370913,0.342535,0.316322,0.292111,0.269749,0.249096,0.230022,0.212407,0.19614,0.181117,0.167244,2.01516
1960,0.025411,0.314069,0.939229,1.81042,2.79457,3.77728,4.67531,5.43952,6.04745,6.49138,6.78137,6.93744,6.97702,6.91735,6.78235,6.58505,6.33989,6.0577,5.75156,5.43197,5.10668,4.78052,4.46135,4.15542,3.86477,3.58983,3.33013,3.08552,2.85665,2.64434,2.44853,2.26781,2.1005,1.94522,1.80073,1.66598,1.54034,1.42366,1.31577,1.21616,1.12413,1.03899,0.96021,0.887304,0.819851,0.757458,0.699759,0.646412,0.597097,0.551516,0.509393,0.470469,0.434505,0.40128,0.370586,0.342232,0.316043,0.291853,0.269511,0.248876,0.229819,0.21222,0.195966,0.180957,0.167096,2.01342
1961,0.0379557,0.31413,0.939475,1.81045,2.79504,3.77739,4.67607,5.43976,6.04635,6.49325,6.78517,6.93935,6.97904,6.92224,6.78538,6.59058,6.34883,6.07242,5.77012,5.45297,5.12962,4.80623,4.48638,4.17661,3.88209,3.6041,3.34256,3.09667,2.86596,2.6508,2.45174,2.26856,2.09982,1.94386,1.79933,1.66502,1.5399,1.42335,1.31519,1.21526,1.12305,1.03789,0.95915,0.886312,0.818931,0.756607,0.698973,0.645685,0.596425,0.550896,0.50882,0.46994,0.434017,0.400828,0.370169,0.341847,0.315687,0.291524,0.269207,0.248596,0.22956,0.21198,0.195746,0.180753,0.166908,2.01119
1962,0.0186473,0.469207,0.939658,1.81093,2.79508,3.77792,4.6755,5.4385,6.04262,6.4866,6.78081,6.93654,6.97415,6.91747,6.78351,6.58705,6.34792,6.07501,5.77846,5.4652,5.14439,4.82307,4.50608,4.19593,3.89805,3.61669,3.35255,3.10517,2.87349,2.65683,2.45532,2.2693,2.09845,1.94132,1.79631,1.66209,1.5375,1.42154,1.31361,1.21353,1.12111,1.03587,0.957188,0.884464,0.817212,0.755016,0.697501,0.644326,0.595169,0.549736,0.507748,0.46895,0.433102,0.399984,0.369389,0.341127,0.315022,0.29091,0.26864,0.248072,0.229077,0.211534,0.195333,0.180372,0.166556,2.00698
1963,0.0218772,0.230517,1.40354,1.81128,2.79582,3.77807,4.67682,5.4399,6.04505,6.48784,6.77992,6.93851,6.97787,6.91913,6.78522,6.59145,6.35051,6.07987,5.78638,5.47826,5.1608,4.84154,4.52614,4.21832,3.91977,3.63499,3.36744,3.11739,2.88411,2.66632,2.46322,2.27475,2.10111,1.94189,1.79566,1.66087,1.53625,1.42066,1.31318,1.21322,1.12057,1.03506,0.95623,0.883488,0.816278,0.754142,0.696691,0.643576,0.594477,0.549096,0.507157,0.468404,0.432598,0.399518,0.368959,0.34073,0.314655,0.290571,0.268327,0.247783,0.22881,0.211287,0.195105,0.180162,0.166362,2.00467
1964,0.0210398,0.270446,0.689547,2.70546,2.79636,3.77898,4.67641,5.43957,6.04312,6.48569,6.77571,6.93175,6.9739,6.91689,6.78104,6.58746,6.3493,6.07713,5.78605,5.48107,5.16869,4.85281,4.53957,4.23347,3.93732,3.65211,3.38157,3.12855,2.89297,2.67388,2.4699,2.28012,2.10435,1.94268,1.79464,1.65884,1.53379,1.41829,1.31125,1.21178,1.11932,1.03367,0.954659,0.881847,0.814678,0.752634,0.695288,0.642277,0.593276,0.547987,0.506133,0.467458,0.431724,0.398711,0.368213,0.340041,0.314019,0.289984,0.267785,0.247282,0.228347,0.21086,0.194711,0.179797,0.166025,2.00064
1965,0.0175093,0.260094,0.808984,1.32917,4.17685,3.7798,4.67815,5.44098,6.04629,6.48845,6.77904,6.93338,6.97314,6.91896,6.78474,6.58913,6.35099,6.08127,5.78848,5.48552,5.17584,4.86446,4.5541,4.24973,3.95489,3.67165,3.40046,3.14442,2.90585,2.68443,2.47905,2.28829,2.11116,1.94738,1.79694,1.65934,1.53326,1.41726,1.3102,1.21105,1.11897,1.03342,0.954214,0.881165,0.813873,0.751813,0.694502,0.641542,0.592595,0.547356,0.50555,0.46692,0.431227,0.398252,0.367789,0.33965,0.313658,0.28965,0.267476,0.246997,0.228084,0.210617,0.194486,0.17959,0.165834,1.99836
1966,0.0171719,0.216449,0.778018,1.55939,2.05203,5.64505,4.67586,5.43282,6.02883,6.46579,6.75184,6.90488,6.9423,6.88587,6.75501,6.56185,6.32284,6.05439,5.76529,5.46212,5.15578,4.84838,4.54365,4.24336,3.95148,3.67076,3.40264,3.14717,2.90691,2.68375,2.47718,2.28601,2.1088,1.94452,1.79284,1.65369,1.52654,1.41013,1.30311,1.20441,1.11305,1.02826,0.949512,0.876628,0.809433,0.747551,0.690494,0.637815,0.589143,0.544166,0.502603,0.464197,0.428713,0.39593,0.365645,0.337669,0.311829,0.287961,0.265917,0.245557,0.226754,0.209389,0.193352,0.178543,0.164867,1.98673
1967,0.0166636,0.212279,0.647464,1.4997,2.40748,2.77351,6.98558,5.43487,6.02857,6.45914,6.74212,6.89186,6.92871,6.87029,6.73731,6.5473,6.31036,6.04067,5.75229,5.45207,5.14496,4.84009,4.53848,4.24284,3.95414,3.67557,3.40922,3.15604,2.91578,2.69057,2.48194,2.28926,2.11128,1.94657,1.7941,1.6535,1.52464,1.407,1.29938,1.2005,1.10936,1.02505,0.946821,0.874206,0.807018,0.745091,0.688074,0.635514,0.586995,0.542174,0.500761,0.462495,0.427141,0.394478,0.364304,0.336431,0.310685,0.286905,0.264941,0.244656,0.225922,0.208621,0.192643,0.177888,0.164262,1.97946
1968,0.0163274,0.205995,0.63499,1.24805,2.3153,3.25331,3.42862,8.09746,6.00332,6.42122,6.69183,6.83601,6.86894,6.81035,6.67643,6.48579,6.25359,5.98778,5.70025,5.40281,5.10059,4.7971,4.49993,4.2092,3.92679,3.65305,3.39049,3.14065,2.90413,2.68044,2.47134,2.27807,2.09991,1.93562,1.7838,1.64342,1.51412,1.3957,1.28768,1.18892,1.09825,1.0147,0.937451,0.865804,0.799319,0.737819,0.681149,0.628983,0.580902,0.536525,0.495537,0.457668,0.422682,0.39036,0.360501,0.332919,0.307442,0.28391,0.262176,0.242102,0.223564,0.206443,0.190632,0.176031,0.162547,1.95881
1969,0.0189561,0.201839,0.616194,1.224,1.92678,3.12878,4.02203,3.97508,8.9472,6.39689,6.6555,6.78814,6.81644,6.75475,6.62126,6.43018,6.19773,5.93668,5.65298,5.35643,5.05687,4.75796,4.46205,4.17541,3.89748,3.62948,3.37129,3.12486,2.89132,2.67097,2.46318,2.2694,2.09062,1.92609,1.77459,1.63475,1.50559,1.38672,1.27794,1.17878,1.08816,1.00501,0.928424,0.857637,0.792007,0.731122,0.674817,0.622944,0.575201,0.531205,0.490603,0.453106,0.418466,0.386466,0.356905,0.329598,0.304375,0.281078,0.25956,0.239687,0.221333,0.204383,0.18873,0.174274,0.160925,1.93928
1970,0.0153715,0.234335,0.603762,1.18777,1.88963,2.60305,3.8624,4.64493,4.36352,9.45427,6.56921,6.68681,6.70328,6.63807,6.50339,6.31505,6.08484,5.82644,5.55023,5.26036,4.96471,4.6713,4.3826,4.09999,3.82859,3.56736,3.31696,3.07695,2.8488,2.63333,2.43062,2.23991,2.06241,1.89893,1.74868,1.61049,1.48307,1.3655,1.25736,1.15848,1.06838,0.986096,0.91061,0.841119,0.776906,0.717389,0.662188,0.61115,0.564138,0.520876,0.481015,0.444232,0.410266,0.378891,0.349908,0.323136,0.298408,0.275567,0.254472,0.234988,0.216994,0.200377,0.18503,0.170858,0.15777,1.90128
1971,0.0146128,0.190022,0.700965,1.16381,1.83373,2.5536,3.21841,4.47906,5.1344,4.65195,9.8047,6.66763,6.67159,6.59574,6.45759,6.26723,6.03815,5.7799,5.50392,5.21856,4.92646,4.63395,4.34761,4.06895,3.79861,3.54081,3.29415,3.0589,2.83435,2.62164,2.42133,2.23332,2.05682,1.89282,1.74198,1.60351,1.47629,1.35909,1.25102,1.1517,1.06093,0.978258,0.902785,0.833575,0.769881,0.711043,0.65652,0.605962,0.559225,0.516181,0.476576,0.440088,0.406422,0.375336,0.346624,0.320103,0.295606,0.27298,0.252082,0.232782,0.214957,0.198495,0.183293,0.169254,0.156289,1.88344
1972,0.0141243,0.180644,0.568414,1.35118,1.79669,2.4772,3.1514,3.71387,4.9101,5.41603,4.76815,9.83137,6.5711,6.48396,6.33752,6.14655,5.91871,5.66499,5.39279,5.11134,4.82718,4.54168,4.25978,3.9868,3.72347,3.46986,3.22941,3.00049,2.78306,2.57625,2.38092,2.19742,2.02554,1.86447,1.71501,1.57772,1.45181,1.33623,1.22983,1.1318,1.04175,0.959481,0.88459,0.816244,0.75359,0.695944,0.642706,0.593383,0.547655,0.50539,0.466469,0.430662,0.397676,0.367245,0.339147,0.313196,0.289228,0.26709,0.246643,0.227759,0.210319,0.194212,0.179338,0.165601,0.152916,1.84281
1973,0.0158997,0.174605,0.540359,1.09567,2.08593,2.42667,3.05373,3.62589,4.05124,5.1469,5.5128,4.74672,9.61848,6.3396,6.18452,5.98809,5.76222,5.51226,5.24685,4.97145,4.69337,4.41755,4.14438,3.87764,3.62156,3.3763,3.14152,2.91997,2.70992,2.5111,2.32256,2.14492,1.97838,1.82266,1.67695,1.54191,1.41799,1.30445,1.20029,1.10448,1.01624,0.93523,0.861255,0.793934,0.732516,0.676227,0.62445,0.576642,0.532358,0.491308,0.453371,0.418441,0.386308,0.35671,0.329405,0.304196,0.280915,0.259413,0.239553,0.221212,0.204273,0.188629,0.174183,0.160841,0.148521,1.78984
1974,0.0152824,0.196551,0.522295,1.04159,1.69147,2.81702,2.98974,3.50821,3.94521,4.23284,5.22008,5.46763,4.62647,9.24458,6.02396,5.82141,5.59242,5.3462,5.08607,4.81861,4.54764,4.27884,4.01585,3.75831,3.50908,3.27147,3.04524,2.82975,2.62722,2.43586,2.25526,2.08442,1.9238,1.77348,1.63314,1.50199,1.38057,1.26924,1.1673,1.07387,0.987955,0.908879,0.836309,0.770065,0.709797,0.654828,0.604462,0.558142,0.51538,0.475777,0.439071,0.405152,0.373925,0.345201,0.318744,0.294339,0.271809,0.251003,0.231787,0.21404,0.19765,0.182514,0.168535,0.155626,0.143706,1.73182
1975,0.0127729,0.18892,0.587944,1.00677,1.60796,2.2836,3.46483,3.41938,3.78858,4.08267,4.24772,5.12067,5.2701,4.39718,8.6865,5.60712,5.37619,5.13086,4.8779,4.61891,4.35872,4.09979,3.84641,3.60118,3.36319,3.13454,2.91782,2.71247,2.51767,2.33521,2.1633,2.00147,1.84871,1.70535,1.57137,1.44645,1.32983,1.22197,1.12314,1.03272,0.949872,0.873738,0.803691,0.739429,0.680788,0.62745,0.578813,0.534257,0.493288,0.455472,0.420454,0.388001,0.358016,0.330413,0.305024,0.281641,0.260072,0.240161,0.221774,0.204793,0.189112,0.174629,0.161254,0.148903,0.137497,1.65701
1976,0.0155314,0.157898,0.565118,1.13332,1.55426,2.17208,2.81733,3.99498,3.74333,3.98943,4.17661,4.25078,5.03635,5.1115,4.21647,8.25132,5.28456,5.0337,4.7775,4.52078,4.26383,4.01012,3.7611,3.52004,3.28873,3.06589,2.85307,2.65231,2.46286,2.28377,2.11648,1.95927,1.81157,1.67242,1.54201,1.42031,1.30695,1.20122,1.10351,1.01404,0.932223,0.857299,0.788474,0.725174,0.66712,0.614157,0.565996,0.522087,0.481869,0.444895,0.410771,0.379176,0.349898,0.322848,0.297949,0.275049,0.253959,0.234506,0.21655,0.199968,0.184656,0.170514,0.157455,0.145394,0.134257,1.61797
1977,0.0181995,0.191999,0.47232,1.08932,1.74959,2.099,2.67602,3.23646,4.34643,3.9107,4.04567,4.14187,4.14256,4.83995,4.85639,3.96841,7.70513,4.9024,4.64392,4.387,4.13486,3.88674,3.64501,3.4103,3.18505,2.97043,2.76492,2.5696,2.38609,2.2135,2.05082,1.89923,1.75707,1.62375,1.49833,1.38095,1.27152,1.16969,1.0748,0.987152,0.906945,0.833632,0.766523,0.7049,0.648241,0.596292,0.54891,0.50583,0.466561,0.430599,0.397542,0.367037,0.338794,0.312625,0.28845,0.266198,0.245734,0.226888,0.209506,0.193462,0.178646,0.164965,0.15233,0.140663,0.129888,1.56532
1978,0.0250029,0.224981,0.574328,0.91044,1.68162,2.36175,2.57987,3.05488,3.48417,4.47991,3.90713,3.95047,3.97374,3.91895,4.5266,4.49928,3.64783,7.03626,4.45213,4.19772,3.94981,3.71029,3.47766,3.2534,3.03755,2.83185,2.63698,2.4513,2.27556,2.11099,1.95666,1.81156,1.67661,1.55028,1.432,1.32087,1.21697,1.12021,1.03024,0.946445,0.869102,0.798356,0.733717,0.67457,0.620274,0.570365,0.524616,0.482896,0.444972,0.410407,0.378757,0.349666,0.322824,0.297975,0.274952,0.253685,0.234111,0.21611,0.199533,0.184245,0.170133,0.157103,0.145071,0.133959,0.123698,1.49073
1979,0.0569264,0.309086,0.672987,1.10707,1.40547,2.26964,2.90041,2.93862,3.2765,3.57418,4.45242,3.7945,3.76931,3.73854,3.64501,4.1706,4.11299,3.31278,6.35472,4.00214,3.75853,3.52468,3.30145,3.0869,2.8818,2.68579,2.50007,2.32496,2.15881,2.0021,1.85575,1.71885,1.59039,1.47114,1.35966,1.25542,1.1576,1.06623,0.981204,0.902196,0.828663,0.76082,0.69879,0.642134,0.590307,0.542744,0.499035,0.458976,0.422452,0.389254,0.359002,0.331304,0.305848,0.282361,0.26062,0.240479,0.221875,0.204752,0.189006,0.174506,0.161134,0.148791,0.137394,0.12687,0.117152,1.41184
1980,0.0237217,0.703723,0.924568,1.29724,1.70902,1.89759,2.79331,3.32354,3.18418,3.40553,3.6042,4.38969,3.67612,3.6009,3.5309,3.41023,3.87144,3.79294,3.03814,5.80072,3.63879,3.40582,3.18477,2.97578,2.77658,2.58746,2.40777,2.23832,2.0792,1.92873,1.78722,1.65539,1.53232,1.41705,1.31019,1.21043,1.11725,1.02989,0.948359,0.872539,0.802129,0.736631,0.676228,0.621019,0.570608,0.524507,0.482208,0.443343,0.407731,0.375266,0.345762,0.318877,0.294265,0.271648,0.250781,0.231467,0.213575,0.197049,0.181839,0.167853,0.154975,0.143098,0.132136,0.122014,0.112667,1.3578
1981,0.0165881,0.293247,2.10505,1.78219,2.00256,2.30698,2.33337,3.19395,3.58867,3.29495,3.41743,3.53551,4.23103,3.49387,3.38346,3.28652,3.14936,3.55186,3.46063,2.75903,5.247,3.28039,3.06157,2.85586,2.66288,2.48018,2.30771,2.14462,1.99144,1.84806,1.71289,1.58608,1.46817,1.35829,1.25553,1.16039,1.07167,0.988881,0.911326,0.839001,0.771777,0.709383,0.651366,0.597881,0.549011,0.5044,0.463611,0.426194,0.391822,0.36033,0.331624,0.30554,0.281774,0.260018,0.240027,0.221585,0.204516,0.188704,0.1741,0.16066,0.148301,0.136922,0.126428,0.116741,0.107798,1.29912
1982,0.0242373,0.205062,0.87719,4.05767,2.75103,2.70317,2.84004,2.67925,3.47565,3.75173,3.34443,3.39228,3.44886,4.07001,3.32273,3.18751,3.07196,2.92446,3.28001,3.18087,2.52596,4.78762,2.98462,2.77872,2.58661,2.4075,2.23888,2.08045,1.93124,1.79155,1.66118,1.53857,1.42378,1.31723,1.21809,1.12549,1.03985,0.960061,0.885666,0.816027,0.751123,0.690827,0.634887,0.582892,0.534974,0.491201,0.451252,0.414733,0.381239,0.350474,0.322291,0.296605,0.273266,0.252003,0.232541,0.214658,0.198161,0.182893,0.168751,0.155689,0.143669,0.132616,0.12244,0.113055,0.104392,1.25807
1983,0.0108721,0.299621,0.613403,1.69086,6.26329,3.71238,3.32386,3.25216,2.90297,3.61397,3.7855,3.29943,3.28858,3.29691,3.84646,3.11072,2.96078,2.83475,2.68375,2.996,2.89395,2.2904,4.32871,2.69194,2.501,2.32391,2.15968,2.00578,1.86173,1.72652,1.60031,1.48278,1.37249,1.26941,1.17388,1.08509,1.00226,0.925723,0.854476,0.78809,0.725986,0.668133,0.614413,0.564592,0.518299,0.475648,0.436695,0.401152,0.368666,0.338875,0.311515,0.286455,0.263616,0.242866,0.223963,0.206662,0.190765,0.176102,0.162532,0.149962,0.138353,0.127671,0.117848,0.108804,0.100463,1.2107
1984,0.0125462,0.134401,0.896257,1.18239,2.61015,8.45475,4.5672,3.80722,3.52284,3.0166,3.6436,3.73142,3.19585,3.14101,3.11317,3.59797,2.887,2.72983,2.5992,2.44928,2.72344,2.62184,2.06909,3.9009,2.42082,2.24509,2.08293,1.93318,1.79338,1.66297,1.54091,1.42723,1.3216,1.22264,1.1303,1.04482,0.965466,0.891505,0.823214,0.75969,0.700535,0.645225,0.593725,0.54592,0.5016,0.460431,0.422508,0.387881,0.35629,0.327421,0.300949,0.276641,0.254378,0.23409,0.215659,0.198869,0.183503,0.169386,0.156364,0.144313,0.133151,0.122842,0.113356,0.104634,0.0966034,1.16412
1985,0.0156164,0.155096,0.402035,1.72762,1.82514,3.52247,10.3945,5.22558,4.11821,3.65477,3.03604,3.58511,3.60772,3.04687,2.96053,2.90672,3.3331,2.65693,2.49842,2.36778,2.22238,2.46284,2.36417,1.86119,3.50161,2.16914,2.00859,1.86106,1.72531,1.59899,1.48147,1.37175,1.26976,1.17516,1.08666,1.00419,0.927933,0.857203,0.791334,0.730557,0.674055,0.621466,0.572318,0.526573,0.484125,0.444781,0.408243,0.374594,0.343873,0.31585,0.290245,0.266769,0.245214,0.225473,0.207486,0.191145,0.176261,0.162639,0.150125,0.138582,0.1279,0.118007,0.10887,0.100462,0.0927316,1.11729
1986,0.0280073,0.193049,0.46394,0.774958,2.66685,2.46296,4.32523,11.843,5.60938,4.22986,3.63755,2.95293,3.42589,3.39933,2.8382,2.73185,2.66121,3.03156,2.40323,2.24932,2.12327,1.98619,2.1948,2.10172,1.65112,3.10082,1.91792,1.77363,1.64149,1.52028,1.40779,1.30339,1.20611,1.11584,1.03223,0.95412,0.881405,0.814231,0.751976,0.694041,0.640614,0.590972,0.544789,0.501643,0.461498,0.424257,0.389749,0.357707,0.328204,0.301273,0.276709,0.254268,0.233694,0.214805,0.197508,0.181748,0.167431,0.154391,0.142458,0.131494,0.121383,0.112026,0.103359,0.095356,0.0879914,1.0598
1987,0.018757,0.346226,0.577469,0.894284,1.19602,3.59336,3.00819,4.87138,12.4887,5.63616,4.10979,3.4509,2.75149,3.14726,3.08719,2.55331,2.4384,2.35976,2.67333,2.10936,1.96647,1.85003,1.72564,1.90222,1.81774,1.42547,2.67295,1.65109,1.52515,1.41016,1.30493,1.20751,1.11727,1.03332,0.955549,0.883597,0.816456,0.75401,0.696368,0.642984,0.593333,0.547569,0.505066,0.465539,0.428625,0.394288,0.362442,0.332939,0.30555,0.280334,0.25732,0.236331,0.217157,0.199581,0.183445,0.168669,0.155207,0.142979,0.131842,0.12165,0.112287,0.103651,0.0956604,0.0882595,0.0814249,0.980083
1988,0.0181198,0.231873,1.03567,1.11312,1.38051,1.61405,4.41071,3.42237,5.21464,12.78,5.58649,3.98018,3.28335,2.58129,2.91894,2.83631,2.32746,2.20814,2.12514,2.3963,1.8833,1.74982,1.6415,1.52739,1.68016,1.60267,1.25489,2.34998,1.44995,1.33805,1.23613,1.14307,1.05707,0.977553,0.90369,0.835341,0.772177,0.713292,0.658568,0.608089,0.561366,0.517933,0.477917,0.440767,0.40623,0.373984,0.343997,0.316192,0.290437,0.266531,0.244524,0.224441,0.206128,0.189399,0.174065,0.159989,0.1471,0.135357,0.124691,0.114977,0.106088,0.0979217,0.0903903,0.0834212,0.0769667,0.92567
1989,0.0140553,0.223996,0.693603,1.99634,1.71816,1.86175,1.97658,4.99312,3.63578,5.28648,12.5381,5.35321,3.74648,3.04719,2.3683,2.6529,2.55762,2.08501,1.9672,1.88442,2.11647,1.65779,1.53588,1.43729,1.33458,1.46544,1.39571,1.09139,2.04151,1.2584,1.16031,1.07115,0.989899,0.91494,0.845721,0.781509,0.722154,0.667352,0.616304,0.568896,0.525191,0.484758,0.447189,0.412589,0.380477,0.350632,0.322774,0.296873,0.272861,0.250623,0.229984,0.210987,0.193652,0.177846,0.163408,0.150176,0.138029,0.126907,0.116775,0.107572,0.0991903,0.0915206,0.0844753,0.0779776,0.0719651,0.86493
1990,0.0197656,0.173751,0.670041,1.33697,3.08016,2.31084,2.26083,2.20066,5.1765,3.5783,5.02186,11.6205,4.87162,3.3611,2.70243,2.08055,2.3123,2.21463,1.79543,1.68608,1.60875,1.80078,1.40648,1.29987,1.21388,1.12512,1.23355,1.1733,0.916444,1.71259,1.05477,0.971849,0.89662,0.828163,0.765099,0.706936,0.653038,0.603262,0.55734,0.514594,0.474921,0.438363,0.404558,0.373159,0.34425,0.317428,0.292506,0.269248,0.247628,0.227588,0.20903,0.191809,0.17596,0.161498,0.148313,0.13627,0.125232,0.115101,0.105825,0.0973752,0.0897003,0.0827106,0.0763146,0.0704393,0.0650209,0.781207
1991,0.0194452,0.244342,0.519742,1.29156,2.06289,4.14273,2.80427,2.51079,2.27079,5.06317,3.37577,4.62104,10.4985,4.33874,2.95912,2.35679,1.80022,1.98763,1.89316,1.52765,1.42894,1.35882,1.51667,1.18168,1.08982,1.01591,0.94018,1.02943,0.978048,0.763192,1.42501,0.877017,0.807572,0.744661,0.68749,0.634886,0.586421,0.541552,0.500146,0.461972,0.42646,0.393517,0.363174,0.335126,0.309084,0.285113,0.262878,0.242222,0.22295,0.205037,0.188435,0.173063,0.1588,0.145675,0.133699,0.122781,0.112809,0.10367,0.095282,0.0876023,0.0806064,0.0742525,0.068466,0.0631712,0.0583075,0.700467
1992,0.0531381,0.240381,0.7309,1.00185,1.99346,2.78257,5.08785,3.20422,2.71222,2.3527,5.08895,3.31702,4.46164,9.99516,4.08372,2.75902,2.18022,1.65444,1.81659,1.72218,1.38419,1.2904,1.22356,1.36236,1.05923,0.97515,0.90762,0.838855,0.917447,0.870809,0.678942,1.26679,0.779158,0.717078,0.660913,0.609929,0.563068,0.519932,0.480027,0.443229,0.409321,0.377795,0.348562,0.321646,0.296774,0.273687,0.252442,0.232739,0.214439,0.197367,0.181502,0.166799,0.153187,0.140559,0.128938,0.118335,0.10867,0.0998423,0.0917528,0.0843279,0.0775304,0.0713382,0.0657144,0.0605929,0.0559066,0.671504
1993,0.13315,0.656892,0.719051,1.40887,1.5459,2.68411,3.39758,5.74459,3.40002,2.74937,2.309,4.87864,3.12368,4.14258,9.17449,3.71314,2.48901,1.95396,1.47455,1.61152,1.52173,1.21897,1.13312,1.07181,1.19089,0.924265,0.84959,0.789714,0.729057,0.796586,0.75546,0.588584,1.09751,0.674684,0.620643,0.571804,0.527514,0.48684,0.44943,0.414845,0.382971,0.353615,0.326333,0.301046,0.27777,0.256268,0.236313,0.217954,0.200931,0.185123,0.170378,0.156676,0.14398,0.132226,0.121323,0.11129,0.102137,0.0937927,0.0861727,0.0791898,0.0727808,0.0669135,0.0615688,0.0567148,0.0522944,0.627776
1994,0.121767,1.64599,1.96496,1.38601,2.17176,2.06545,3.18465,3.59704,5.51088,3.04003,2.35118,1.9194,3.97672,2.50894,3.28865,7.21423,2.89683,1.92906,1.50601,1.13121,1.2314,1.15888,0.925653,0.858356,0.810215,0.898624,0.696362,0.639257,0.593533,0.547411,0.597616,0.566354,0.440977,0.821836,0.504982,0.464349,0.427663,0.394421,0.363917,0.335879,0.309974,0.28611,0.264142,0.243733,0.224823,0.207421,0.19135,0.176438,0.162722,0.150005,0.138197,0.127185,0.116953,0.107472,0.0986969,0.0905562,0.083066,0.076233,0.0700043,0.0643162,0.0591038,0.05432,0.0499405,0.0459512,0.0423282,0.507551
1995,0.0417073,1.50528,4.92367,3.78762,2.13855,2.9229,2.51794,3.58296,3.79572,5.54796,2.96107,2.23643,1.79324,3.66306,2.28464,2.96646,6.45648,2.57556,1.70565,1.32538,0.991601,1.0758,1.00954,0.8044,0.744361,0.701355,0.776693,0.601083,0.551167,0.511246,0.471125,0.513963,0.486775,0.378813,0.705657,0.433423,0.398412,0.366827,0.338228,0.312001,0.287908,0.265659,0.245173,0.22632,0.208812,0.192593,0.177673,0.163895,0.151114,0.139359,0.128463,0.118346,0.108912,0.100147,0.0920271,0.0845109,0.0775389,0.0711243,0.0652727,0.0599389,0.055068,0.0506047,0.0465084,0.0427585,0.0393427,0.470789
1996,0.0367681,0.515585,4.50276,9.49079,5.84592,2.88476,3.5926,2.88462,3.88879,3.95707,5.61474,2.93043,2.17497,1.71971,3.47293,2.14571,2.76427,5.97697,2.37112,1.56294,1.20969,0.902001,0.975787,0.913456,0.726318,0.670903,0.631172,0.698051,0.539611,0.494319,0.458132,0.421875,0.45995,0.435387,0.338666,0.630621,0.387203,0.35582,0.327529,0.301927,0.278462,0.256917,0.23703,0.218724,0.201884,0.186249,0.17177,0.158452,0.146156,0.134752,0.124264,0.114544,0.10552,0.0971053,0.0892886,0.0820471,0.0753447,0.0691278,0.0634082,0.0581908,0.0534351,0.0490923,0.045113,0.041461,0.0381178,0.454757
1997,0.02757,0.454527,1.54227,8.67946,14.6474,7.87835,3.52828,4.0627,3.06343,3.94309,3.88373,5.38269,2.75961,2.01944,1.57852,3.1578,1.93574,2.47742,5.32716,2.10348,1.38104,1.06531,0.792073,0.854772,0.798499,0.633776,0.584524,0.549185,0.606689,0.46853,0.428846,0.397166,0.365507,0.398282,0.376838,0.293008,0.545416,0.334788,0.307575,0.283057,0.260882,0.240568,0.221924,0.20472,0.18889,0.174331,0.160817,0.148305,0.136798,0.126176,0.116326,0.107268,0.0988742,0.0910822,0.0838171,0.0770684,0.0708167,0.0650307,0.059664,0.0547268,0.0502232,0.0461183,0.0423699,0.0389352,0.0357831,0.42537
1998,0.109171,0.34082,1.35963,2.97285,13.3931,19.722,9.61442,3.97608,4.29579,3.09104,3.84992,3.70333,5.04151,2.54835,1.84355,1.42747,2.83327,1.72541,2.19604,4.7001,1.84854,1.20958,0.930381,0.690059,0.743127,0.692962,0.549167,0.505823,0.474704,0.523901,0.404256,0.369749,0.342223,0.314776,0.342843,0.324256,0.252037,0.469012,0.287816,0.264364,0.243244,0.224152,0.206669,0.190628,0.175832,0.162221,0.149706,0.138092,0.12734,0.117454,0.10833,0.0998686,0.0920895,0.0848806,0.0781896,0.0719513,0.0661569,0.0607894,0.0558219,0.0512145,0.046976,0.0431099,0.0395861,0.0363683,0.03342,0.395823
1999,0.0407554,1.34957,1.0195,2.62079,4.58647,18.0118,23.984,10.7627,4.16416,4.28496,2.98057,3.62404,3.4236,4.5949,2.29603,1.64537,1.26403,2.49242,1.50946,1.91223,4.07648,1.59789,1.04257,0.799963,0.592089,0.636482,0.592606,0.469017,0.431511,0.40457,0.446124,0.343994,0.314436,0.290872,0.26742,0.29115,0.275271,0.213899,0.397941,0.244149,0.224212,0.206266,0.190049,0.175205,0.161589,0.149034,0.137486,0.126871,0.117021,0.107905,0.0995232,0.0917882,0.0846164,0.0780232,0.0719137,0.0662435,0.0609572,0.0560473,0.0514993,0.0472904,0.0433868,0.0397958,0.0365203,0.0335349,0.0308088,0.363619
2000,0.0134503,0.503818,4.03697,1.96517,4.04555,6.19289,22.2134,27.6754,11.811,4.40067,4.40161,2.99555,3.57988,3.33507,4.42531,2.19053,1.55749,1.18868,2.33091,1.40506,1.77294,3.76685,1.47229,0.95828,0.733747,0.542108,0.58186,0.541036,0.427717,0.393131,0.368279,0.405813,0.312717,0.285695,0.264163,0.242768,0.26422,0.249736,0.194008,0.360855,0.221354,0.203245,0.186951,0.172232,0.158762,0.146411,0.135024,0.124554,0.11493,0.106003,0.0977401,0.0901447,0.0831359,0.076638,0.0706648,0.0651301,0.0599937,0.0552053,0.0507579,0.0466386,0.0428265,0.0392911,0.0360388,0.0330723,0.0303686,0.35718
2001,0.0119978,0.166272,1.50707,7.78163,3.03335,5.46003,7.62383,25.5261,30.1708,12.3789,4.47953,4.38224,2.93095,3.45407,3.18132,4.18166,2.05373,1.45065,1.10104,2.14897,1.29027,1.62262,3.43761,1.34032,0.870562,0.66539,0.49085,0.526149,0.488681,0.385953,0.354447,0.331801,0.365392,0.281418,0.256982,0.23752,0.218208,0.23742,0.224348,0.174246,0.324038,0.198737,0.182453,0.167805,0.154577,0.142475,0.131381,0.121155,0.111754,0.103114,0.0950998,0.0876838,0.0808673,0.0745778,0.0687471,0.0633875,0.0584218,0.0538135,0.0495178,0.0455281,0.0418328,0.0384132,0.0352418,0.0323244,0.0296636,0.347598
2002,0.0110435,0.148316,0.497371,2.90501,12.0111,4.09296,6.71434,8.73704,27.704,31.4436,12.5225,4.43114,4.25984,2.80947,3.27327,2.98648,3.89484,1.90033,1.33489,1.00845,1.96048,1.17314,1.4711,3.10899,1.20966,0.784289,0.59853,0.440947,0.472123,0.438076,0.345696,0.317248,0.296795,0.326667,0.251478,0.22955,0.212093,0.194791,0.211887,0.200177,0.155444,0.289025,0.177238,0.162695,0.149618,0.137811,0.127012,0.117114,0.107992,0.0996072,0.0919025,0.0847565,0.0781446,0.0720676,0.0664608,0.0612635,0.0564863,0.0520604,0.0479533,0.0441248,0.0405692,0.0372761,0.0342287,0.0314026,0.0288029,0.336155
2003,0.00806441,0.13652,0.443659,0.958727,4.48414,16.2149,5.04521,7.74137,9.57764,29.241,32.2565,12.5682,4.37105,4.14388,2.70199,3.1185,2.82301,3.65752,1.77469,1.24082,0.933679,1.80903,1.07942,1.35026,2.84765,1.10599,0.715976,0.545678,0.401555,0.429528,0.398219,0.314019,0.287999,0.269287,0.296254,0.227975,0.208025,0.192148,0.176429,0.191871,0.181233,0.14071,0.261592,0.160396,0.14722,0.135375,0.124682,0.114904,0.105943,0.0976863,0.0900976,0.0831253,0.0766594,0.0706771,0.0651793,0.0601071,0.0554057,0.0510845,0.0470812,0.0433664,0.0399037,0.0366879,0.0337096,0.0309536,0.0283977,0.330029
2004,0.00972207,0.099692,0.408372,0.855192,1.47983,6.0523,19.9751,5.81007,8.47179,10.0884,29.9306,32.3,12.369,4.24219,3.97607,2.56823,2.94094,2.64482,3.40776,1.64579,1.14615,0.859542,1.66062,0.98844,1.23387,2.59754,1.00731,0.651231,0.495772,0.364476,0.38954,0.360886,0.284403,0.260698,0.243648,0.267941,0.206116,0.188024,0.17363,0.15939,0.173308,0.163672,0.127058,0.236183,0.144801,0.132894,0.122192,0.112533,0.103701,0.0956095,0.0881542,0.0813029,0.0750088,0.0691723,0.0637727,0.0588107,0.0542332,0.0499904,0.046091,0.0424785,0.0391264,0.036002,0.0331004,0.0304131,0.0279265,0.323368
2005,0.0755775,0.120184,0.298209,0.787174,1.32008,1.99804,7.46477,23.0624,6.38324,8.96682,10.3811,30.1354,31.9648,12.0713,4.09313,3.80036,2.43554,2.77071,2.47799,3.17791,1.52872,1.06104,0.793439,1.52916,0.908292,1.1318,2.37899,0.92134,0.59498,0.452509,0.332392,0.354994,0.328677,0.258882,0.237195,0.221594,0.243605,0.18734,0.170853,0.157738,0.144774,0.157391,0.148619,0.115358,0.214412,0.131442,0.120624,0.110902,0.102129,0.0941096,0.0867624,0.079994,0.0737746,0.0680613,0.0627639,0.0578633,0.0533602,0.0492061,0.045356,0.0418176,0.0385397,0.0354981,0.0326632,0.0300305,0.0275923,0.318706
2006,0.027677,0.934288,0.359507,0.574824,1.21497,1.78129,2.45994,8.58914,25.2135,6.7165,9.16805,10.3832,29.6235,30.9862,11.5689,3.88596,3.57978,2.27913,2.57848,2.29531,2.932,1.40569,0.972855,0.725716,1.39572,0.827546,1.0296,2.16133,0.836097,0.539407,0.4099,0.300877,0.321137,0.297171,0.233958,0.214274,0.200113,0.219925,0.169087,0.154172,0.142311,0.130593,0.141954,0.134026,0.10402,0.193321,0.118503,0.108742,0.0999725,0.0920598,0.0848271,0.0782016,0.0720987,0.0664912,0.0613406,0.056565,0.0521475,0.0480884,0.0443442,0.040874,0.0376849,0.0347306,0.0319894,0.0294345,0.0270619,0.31206
2007,0.0138524,0.342143,2.79474,0.692981,0.887245,1.6397,2.19378,2.83161,9.39403,26.5401,6.86989,9.1735,10.2109,28.7282,29.7086,10.9878,3.66189,3.35125,2.12187,2.38936,2.11856,2.69712,1.28938,0.890178,0.662654,1.27216,0.753127,0.935776,1.96215,0.75831,0.488814,0.371186,0.272291,0.290471,0.268671,0.211436,0.193581,0.180734,0.198577,0.15264,0.139149,0.128423,0.117833,0.128067,0.120902,0.093826,0.174362,0.106874,0.0980654,0.090152,0.083013,0.0764882,0.0705117,0.0650071,0.0599497,0.0553046,0.0509981,0.0470146,0.0433545,0.0399784,0.0368495,0.033974,0.0313104,0.028839,0.0265356,0.305717
2008,0.0119511,0.171243,1.02345,5.3871,1.06956,1.19701,2.01754,2.521,3.08972,9.86086,27.0648,6.8527,8.99302,9.87109,27.4568,28.1272,10.3215,3.41729,3.11015,1.96003,2.1984,1.94269,2.46614,1.17607,0.810258,0.602082,1.1541,0.682336,0.846859,1.77398,0.685015,0.44125,0.33486,0.245512,0.261784,0.24204,0.190414,0.174282,0.162674,0.178695,0.137331,0.125173,0.115508,0.10597,0.115162,0.108709,0.0843571,0.156754,0.0960759,0.0881531,0.081036,0.074616,0.068749,0.0633755,0.0584265,0.05388,0.0497043,0.0458331,0.0422525,0.0389627,0.0359282,0.033116,0.0305317,0.0281378,0.0259166,0.298578
2009,0.0206281,0.14774,0.51224,1.97279,8.31485,1.44313,1.47272,2.3166,2.74603,3.23557,10.029,26.9221,6.69898,8.66922,9.40759,25.9218,26.347,9.60492,3.16248,2.86482,1.79828,2.0102,1.7713,2.24308,1.06746,0.734114,0.544665,1.04266,0.615756,0.763482,1.59799,0.616612,0.396942,0.301075,0.22064,0.23517,0.217359,0.170947,0.156425,0.145974,0.16032,0.123189,0.112267,0.103586,0.0950222,0.103255,0.0974621,0.0756243,0.140519,0.0861206,0.0790153,0.0726332,0.0668768,0.0616165,0.0567991,0.0523627,0.0482871,0.0445441,0.0410743,0.037865,0.0349165,0.0321968,0.0296765,0.0273604,0.025215,0.290783
2010,0.0159054,0.255005,0.441934,0.987388,3.04515,11.2234,1.77755,1.69465,2.53112,2.88623,3.30386,10.0172,26.4279,6.48484,8.29683,8.91895,24.3832,24.6207,8.92606,2.92526,2.63945,1.65125,1.84056,1.61785,2.04448,0.971211,0.666895,0.494141,0.944875,0.557464,0.690627,1.44446,0.557025,0.358392,0.27171,0.199041,0.212076,0.195957,0.154075,0.140955,0.131513,0.144414,0.110952,0.101103,0.0932748,0.0855557,0.0929613,0.0877397,0.0680764,0.126487,0.0775178,0.0711195,0.0653731,0.0601904,0.0554547,0.051118,0.0471244,0.0434558,0.0400869,0.0369638,0.0340754,0.0314216,0.028974,0.0267057,0.0246213,0.284358
2011,0.0104504,0.196622,0.762795,0.851867,1.52407,4.11025,13.8303,2.04885,1.85739,2.67139,2.96078,3.31584,9.8812,25.7081,6.23664,7.90438,8.43061,22.8971,22.9926,8.29691,2.70833,2.4355,1.5193,1.68934,1.48183,1.86923,0.8866,0.607995,0.449989,0.859613,0.506736,0.62733,1.31126,0.50539,0.32502,0.246312,0.180374,0.19213,0.177481,0.139518,0.127613,0.119046,0.130705,0.100407,0.0914842,0.0843934,0.0774033,0.0840975,0.0793692,0.0615786,0.11441,0.0701132,0.064324,0.059125,0.0544363,0.0501523,0.0462294,0.0426171,0.0392989,0.0362517,0.0334271,0.0308148,0.0284147,0.0262012,0.0241499,0.279404
2012,0.0362132,0.129187,0.588155,1.47035,1.3148,2.05611,5.0558,15.8775,2.23168,1.94524,2.71729,2.94559,3.24193,9.52681,24.5046,5.88883,7.40518,7.84641,21.1928,21.182,7.61333,2.47684,2.22096,1.38208,1.53355,1.34277,1.69122,0.80111,0.548748,0.405745,0.774445,0.456202,0.564419,1.17913,0.454255,0.292019,0.221227,0.161957,0.172468,0.159284,0.125189,0.114488,0.106787,0.117231,0.0900471,0.0820375,0.075673,0.0694004,0.0753981,0.0711553,0.0552035,0.102561,0.06285,0.057659,0.0529974,0.0487936,0.0449528,0.041436,0.0381977,0.0352232,0.0324918,0.0299598,0.0276183,0.025467,0.023483,0.272057
2013,0.015079,0.447667,0.386438,1.13372,2.26908,1.77226,2.52256,5.77514,17.1692,2.31687,1.95995,2.67691,2.85143,3.09458,8.99036,22.9074,5.46193,6.82332,7.18999,19.3293,19.243,6.89319,2.23614,2.00022,1.24211,1.37578,1.20278,1.51291,0.715836,0.48986,0.3619,0.690261,0.40636,0.502486,1.04927,0.404064,0.259664,0.196658,0.143933,0.153241,0.1415,0.111194,0.101675,0.0948238,0.104087,0.0799438,0.0728271,0.0671726,0.061601,0.0669213,0.0631528,0.0489931,0.09102,0.0557761,0.0511681,0.0470302,0.043299,0.0398901,0.0367689,0.0338949,0.0312552,0.0288312,0.0265843,0.0245064,0.0225974,0.262234
2014,0.0490933,0.186406,1.33911,0.744893,1.74978,3.06066,2.1785,2.8916,6.27564,17.9284,2.34908,1.94338,2.6084,2.73983,2.93968,8.46011,21.3877,5.06615,6.29396,6.60125,17.6764,17.5384,6.26457,2.02725,1.80958,1.12172,1.24052,1.0831,1.36083,0.643256,0.439824,0.3247,0.618926,0.36417,0.450108,0.93952,0.361678,0.232357,0.175932,0.128736,0.137035,0.126515,0.0994039,0.0908835,0.0847505,0.0930216,0.0714391,0.0650752,0.060019,0.055038,0.0597889,0.0564199,0.0437684,0.0813112,0.0498254,0.045708,0.042011,0.0386773,0.0356319,0.0328434,0.030276,0.0279178,0.0257525,0.0237454,0.0218893,0.254408
2015,0.122364,0.60689,0.557596,2.58125,1.14979,2.36197,3.77175,2.51053,3.16768,6.61856,18.3762,2.35555,1.91531,2.53511,2.63264,2.79815,7.98982,20.0664,4.72694,5.84516,6.10631,16.2962,16.1226,5.7448,1.85516,1.65301,1.02309,1.12996,0.985454,1.23694,0.584204,0.39916,0.294498,0.561056,0.329968,0.407673,0.850654,0.327372,0.210264,0.159169,0.116447,0.123934,0.114403,0.089877,0.0821646,0.076613,0.0840833,0.0645703,0.0588148,0.0542423,0.0497386,0.05403,0.0509838,0.0395502,0.073473,0.0450214,0.0413003,0.0379592,0.0349466,0.0321945,0.0296747,0.0273548,0.0252239,0.0232674,0.0214539,0.249629
2016,0.0181712,1.51266,1.81539,1.07481,3.98419,1.55181,2.9098,4.34515,2.74957,3.34023,6.78293,18.4243,2.32121,1.86124,2.43559,2.50554,2.64224,7.49518,18.7202,4.38927,5.40616,5.62871,14.9786,14.7828,5.25641,1.69441,1.50746,0.931777,1.02794,0.895613,1.12324,0.530119,0.361981,0.266925,0.508292,0.298818,0.369061,0.769859,0.296202,0.190203,0.143955,0.1053,0.112055,0.103425,0.0812434,0.0742651,0.0692418,0.0759882,0.0583504,0.0531466,0.0490127,0.0449415,0.0488174,0.0460638,0.0357327,0.0663797,0.0406742,0.0373118,0.0342929,0.0315709,0.0290843,0.0268078,0.0247118,0.0227867,0.0210191,0.244883
2017,0.0234962,0.224632,4.52482,3.49933,1.65905,5.37831,1.91261,3.35436,4.76248,2.9017,3.4261,6.80664,18.1718,2.25769,1.78977,2.32008,2.36805,2.48087,6.99861,17.3984,4.06324,4.98777,5.17824,13.7461,13.5382,4.80522,1.54659,1.37414,0.848411,0.935064,0.814008,1.02016,0.481171,0.328383,0.242038,0.460719,0.270757,0.334306,0.697183,0.268181,0.172177,0.130291,0.0952916,0.101392,0.0935731,0.073498,0.0671797,0.0626314,0.0687298,0.0527741,0.0480655,0.0443251,0.040642,0.0441458,0.0416547,0.0323118,0.0600238,0.036779,0.0337382,0.031008,0.0285465,0.0262979,0.0242393,0.0223439,0.0206032,0.240418
2018,0.0231156,0.29046,0.671942,8.72196,5.39998,2.23551,6.59006,2.17861,3.61145,4.91753,2.90629,3.35446,6.54808,17.2376,2.11724,1.66265,2.13843,2.16833,2.2591,6.34326,15.7069,3.65587,4.47488,4.6344,12.2768,12.0694,4.27732,1.37487,1.22019,0.752626,0.828803,0.720984,0.903013,0.425692,0.290387,0.213948,0.407109,0.239181,0.295244,0.615585,0.236749,0.151972,0.114985,0.0840869,0.0894602,0.0825543,0.064838,0.0592602,0.0552449,0.0606209,0.0465457,0.0423912,0.0390911,0.0358419,0.038931,0.0367334,0.0284938,0.0529304,0.0324322,0.0297504,0.0273427,0.0251719,0.0231889,0.0213735,0.0197022,0.230156
2019,0.0229921,0.285755,0.868852,1.29522,13.4587,7.2744,2.73705,7.49534,2.34049,3.71925,4.91128,2.83714,3.21742,6.19285,16.1168,1.96096,1.52787,1.9522,1.96857,2.04142,5.70938,14.0898,3.27009,3.99289,4.12659,10.912,10.7112,3.791,1.21717,1.07918,0.665095,0.731885,0.63628,0.796498,0.375307,0.255915,0.188485,0.358552,0.2106,0.259906,0.541803,0.208339,0.133716,0.10116,0.0739692,0.0786889,0.0726087,0.057023,0.0521144,0.0485808,0.053306,0.0409277,0.0372734,0.0343708,0.0315131,0.0342284,0.0322957,0.0250511,0.0465346,0.0285129,0.0261549,0.024038,0.0221294,0.020386,0.0187899,0.219652
2020,0.0228907,0.284228,0.85478,1.67478,1.99859,18.1265,8.8984,3.10634,8.02436,2.39985,3.69671,4.7706,2.70755,3.0275,5.7609,14.8516,1.79289,1.38775,1.76338,1.76988,1.82812,5.09564,12.5392,2.90311,3.53738,3.64929,9.63505,9.44532,3.33918,1.07107,0.948844,0.584348,0.642631,0.558387,0.69867,0.32908,0.224317,0.165164,0.314109,0.184455,0.227597,0.474374,0.182385,0.117044,0.0885377,0.0647338,0.0688587,0.0635339,0.0498931,0.045596,0.0425025,0.0466348,0.0358044,0.0326067,0.0300667,0.0275663,0.029941,0.0282499,0.0219126,0.0407041,0.0249402,0.0228775,0.0210256,0.0193561,0.0178311,0.208555
2021,0.0246513,0.282974,0.850211,1.64766,2.58443,2.69294,22.2081,10.1335,3.34313,8.28159,2.40237,3.61742,4.58683,2.56691,2.83757,5.34873,13.6811,1.64075,1.26299,1.59736,1.59691,1.64392,4.56909,11.216,2.59133,3.15184,3.24656,8.56046,8.3824,2.96053,0.948817,0.83994,0.516959,0.568217,0.493501,0.617237,0.290625,0.198046,0.145784,0.27719,0.162745,0.200776,0.418412,0.160849,0.103213,0.0780681,0.0570745,0.0607073,0.0560095,0.043982,0.0401922,0.037464,0.041105,0.031558,0.0287388,0.0264996,0.0242954,0.0263879,0.0248972,0.0193117,0.0358725,0.0219796,0.0201616,0.0185295,0.017058,0.199504
2022,0.0246874,0.304739,0.846461,1.63885,2.54255,3.4821,3.29862,25.2795,10.8987,3.4475,8.28296,2.34869,3.47485,4.34454,2.40364,2.63211,4.9226,12.5086,1.49186,1.14302,1.43992,1.43467,1.47267,4.08313,10.0022,2.30675,2.80139,2.88179,7.59005,7.42495,2.62018,0.839134,0.742383,0.456671,0.501721,0.435576,0.544602,0.256349,0.174644,0.128529,0.244337,0.143432,0.176925,0.368663,0.141709,0.0909231,0.068767,0.0502712,0.0534678,0.0493278,0.0387334,0.0353946,0.0329909,0.0361962,0.0277886,0.0253057,0.0233335,0.0213923,0.0232345,0.0219216,0.0170036,0.0315847,0.0193522,0.0177514,0.0163143,0.190669
